name,ingredients,url,image url
Chinese Noodle Salad,vegetable oil|mandarin orange|rice vinegar|sugar|slivered almond|romaine lettuce|ramen noodle with seasoning packet,http://allrecipes.com/recipe/82387/chinese-noodle-salad/,http://images.media-allrecipes.com/userphotos/250x250/14097.jpg
Grilled Cheese Sandwich,butter|cheddar cheese|bread,http://allrecipes.com/recipe/23891/grilled-cheese-sandwich/,http://images.media-allrecipes.com/userphotos/560x315/2206436.jpg
Winston Punch,jigger amaretto (almond liqueur)|jigger whiskey|chilled lemon-lime soda,http://allrecipes.com/recipe/59314/winston-punch/,http://images.media-allrecipes.com/userphotos/560x315/970217.jpg
Guacamole Salad,jalapeno pepper seeded|virgin olive oil|red onion|kernel corn|avocado pitted|tomatoe seeded|garlic salt|juice of  lime|cucumber|salt black pepper,http://allrecipes.com/recipe/170444/guacamole-salad/,http://images.media-allrecipes.com/userphotos/560x315/848406.jpg
Atomic Canuck Chili,garlic powder|canadian beer|baked bean|onion|seasoned pepper|barbeque sauce|crushed red pepper|ground beef|sugar|celery|red bell pepper|carrot|jalapeno chile pepper|tomato paste|green bell pepper|sauce|kidney bean with liquid|mushroom piece,http://allrecipes.com/recipe/26582/atomic-canuck-chili/,http://images.media-allrecipes.com/userphotos/250x250/260227.jpg
Eggnog Royale,ground nutmeg|coffee|chilled cream|coffee ice cream|quart eggnog chilled|bourbon whiskey,http://allrecipes.com/recipe/156802/eggnog-royale/,http://images.media-allrecipes.com/global/recipes/nophoto/nopicture-910x511.png
Cheap Irish Colcannon,mashed potatoe|butter|thinly green cabbage|ground black pepper|garlic salt|broccoli,http://allrecipes.com/recipe/178293/cheap-irish-colcannon/,http://images.media-allrecipes.com/userphotos/560x315/725479.jpg
Cranberry-Orange Spiced Oatmeal,orange juice|water|old-fashioned rolled oat|ground cinnamon|cranberry|blueberry|ground ginger|ground turmeric,http://allrecipes.com/recipe/148968/cranberry-orange-spiced-oatmeal/,http://images.media-allrecipes.com/userphotos/250x250/364473.jpg
Most Excellent Sandwich,wheat bread|cream cheese|alfalfa sprout|tomato|mozzarella cheese,http://allrecipes.com/recipe/75762/most-excellent-sandwich/,http://images.media-allrecipes.com/userphotos/250x250/62149.jpg
Apple and Pumpkin Dessert,water|packet sugar substitute|pumpkin|granny smith apple|pumpkin pie spice,http://allrecipes.com/recipe/150157/apple-and-pumpkin-dessert/,http://images.media-allrecipes.com/userphotos/250x250/374922.jpg
Three Bean Salad,vegetable oil|kidney bean rinsed|ground mustard|cider vinegar|ground black pepper|onion powder|ground cayenne pepper|green bean rinsed|celery|garlic powder|honey|garbanzo bean (chickpeas) rinsed|green onion,http://allrecipes.com/recipe/86229/three-bean-salad/,http://images.media-allrecipes.com/userphotos/250x250/209067.jpg
Amazingly Easy, Surprisingly Tasty Broke College Student Chicken Pot Pie,potatoe (optional)|cream of chicken soup more|refrigerated crescent roll|meat chicken broken into chunk|mixed vegetable,http://allrecipes.com/recipe/231564/amazingly-easy-surprisingly-tasty-broke-college-student-chicken-pot-pie/,http://images.media-allrecipes.com/userphotos/560x315/1053583.jpg
Team Four Tuna,crab leg|rice vinegar|red onion|pepperoncini pepper|tuna|mayonnaise,http://allrecipes.com/recipe/171028/team-four-tuna/,http://images.media-allrecipes.com/userphotos/560x315/2782839.jpg
Fried Egg Sandwich,butter|salt pepper|american cheese|mayonnaise|egg|ketchup|bread,http://allrecipes.com/recipe/21004/fried-egg-sandwich/,http://images.media-allrecipes.com/userphotos/560x315/434326.jpg
Tamra's Microwave Tilapia,butter|garlic|apple cider vinegar|tilapia fillet|tarragon,http://allrecipes.com/recipe/90027/tamras-microwave-tilapia/,http://images.media-allrecipes.com/userphotos/250x250/347802.jpg
Lisa's Italian Nachos,crushed red pepper flake|onion|jalapeno pepper|italian sausage|black olive|pepperoni|tortilla chip|spaghetti sauce|salsa|sour cream|crumbled feta cheese,http://allrecipes.com/recipe/188864/lisas-italian-nachos/,http://images.media-allrecipes.com/userphotos/250x250/179945.jpg
Cafeteria Macaroni and Cheese,butter|cheddar cheese|ground mustard|bread crumb|worcestershire sauce|paprika|macaroni|dash pepper sauce|salt|milk,http://allrecipes.com/recipe/11726/cafeteria-macaroni-and-cheese/,http://images.media-allrecipes.com/userphotos/250x250/108858.jpg
Five Minute Ice Cream,strawberry|cream|sugar,http://allrecipes.com/recipe/50050/five-minute-ice-cream/,http://images.media-allrecipes.com/userphotos/560x315/454065.jpg
Lemon Pepper Dill Fish,haddock fillet|butter|lemon juice|lemon pepper|dill weed,http://allrecipes.com/recipe/22786/lemon-pepper-dill-fish/,http://images.media-allrecipes.com/userphotos/250x250/180699.jpg
Mashed Sweet Potatoes by Jean Carper,amaretto  maple syrup|almond|cinnamon|ginger|sweet potatoe,http://allrecipes.com/recipe/78027/mashed-sweet-potatoes-by-jean-carper/,http://images.media-allrecipes.com/userphotos/250x250/294125.jpg
Zucchini Dutch Cheese Casserole,mushroom|onion|flour|egg noodle|water|gouda cheese|butter margarine|garlic|basil|salt|milk|zucchini,http://allrecipes.com/recipe/172774/zucchini-dutch-cheese-casserole/,http://images.media-allrecipes.com/userphotos/560x315/995315.jpg
The Best Steamed Asparagus,butter|asparagu|wine,http://allrecipes.com/recipe/49439/the-best-steamed-asparagus/,http://images.media-allrecipes.com/userphotos/250x250/8307.jpg
English Baked Potatoes,olive oil|potatoe cut into wedge|salt pepper,http://allrecipes.com/recipe/41456/english-baked-potatoes/,http://images.media-allrecipes.com/userphotos/560x315/514309.jpg
Cheesy Sausage Pasta,vegetable oil|uncooked pasta shell|stewed tomatoe|orange bell pepper thinly|finely onion|parmesan cheese|parsley|italian sausage|garlic|cream,http://allrecipes.com/recipe/188824/cheesy-sausage-pasta/,http://images.media-allrecipes.com/userphotos/560x315/2231749.jpg
A Big, Honkin' Margarita,ice cube|tequila|sugar|lemon|lime,http://allrecipes.com/recipe/214147/a-big-honkin-margarita/,http://images.media-allrecipes.com/userphotos/560x315/993636.jpg
Kristil's Frat House Cookies,butter|egg|baking soda|packed sugar|sugar|flour|chocolate chip|salt,http://allrecipes.com/recipe/11039/kristils-frat-house-cookies/,http://images.media-allrecipes.com/userphotos/560x315/1024653.jpg
Egg Sandwich,american cheese|salt pepper|egg|milk|bread,http://allrecipes.com/recipe/139551/egg-sandwich/,http://images.media-allrecipes.com/userphotos/250x250/141568.jpg
Quick and Easy Goulash,cheddar cheese|onion|kernel corn|ground beef|egg noodle|spaghetti sauce,http://allrecipes.com/recipe/22994/quick-and-easy-goulash/,http://images.media-allrecipes.com/userphotos/560x315/3915220.jpg
Microwave Raisin Bread Pudding,butter|vanilla extract|sugar|ground cinnamon|thick raisin bread|egg|milk,http://allrecipes.com/recipe/20380/microwave-raisin-bread-pudding/,http://images.media-allrecipes.com/userphotos/560x315/2921912.jpg
Room 157 Sugar Cookies,vegetable oil|vanilla extract|salt|wheat flour|sugar|baking powder|egg,http://allrecipes.com/recipe/74718/room-157-sugar-cookies/,http://images.media-allrecipes.com/userphotos/560x315/826989.jpg
Microwave Peanut Brittle,butter|vanilla extract|peanut|baking soda|sugar|corn syrup,http://allrecipes.com/recipe/15736/microwave-peanut-brittle/,http://images.media-allrecipes.com/userphotos/250x250/568959.jpg
Barbecued Chicken Quesadillas,flour tortilla|cheddar cheese|parsley|garlic finely|plum tomatoe seeded|chicken breast|barbeque sauce,http://allrecipes.com/recipe/221298/barbecued-chicken-quesadillas/,http://images.media-allrecipes.com/userphotos/560x315/1076850.jpg
Creamy Peanut Butter Fudge,butter|marshmallow creme|vanilla extract|sugar|evaporated milk|peanut butter,http://allrecipes.com/recipe/22645/creamy-peanut-butter-fudge/,http://images.media-allrecipes.com/userphotos/250x250/757034.jpg
Mock Oatmeal,vanilla extract|sucrolose sweetener|ricotta cheese,http://allrecipes.com/recipe/68986/mock-oatmeal/,http://images.media-allrecipes.com/userphotos/560x315/1009423.jpg
Ultimo's No-Bake Blueberry Squares,vanilla extract|butter margarine|cream cheese|salt|sugar|lemon juice|tub whipped topping|graham cracker crumb|blueberry,http://allrecipes.com/recipe/63444/ultimos-no-bake-blueberry-squares/,http://images.media-allrecipes.com/userphotos/560x315/1363234.jpg
Slider-Style Mini Burgers ,cheddar cheese|onion soup|ground beef|mayonnaise|pickle|roll,http://allrecipes.com/recipe/178295/slider-style-mini-burgers/,http://images.media-allrecipes.com/userphotos/250x250/483496.jpg
Butternut Soup,butter|butternut squash|onion|salt pepper|vegetable broth|dash ground|dash ground cinnamon|dash ground nutmeg|cream,http://allrecipes.com/recipe/21309/butternut-soup/,http://images.media-allrecipes.com/userphotos/560x315/4214182.jpg
Microwave Pralines,butter|whipping cream|pecan|corn syrup|sugar,http://allrecipes.com/recipe/9434/microwave-pralines/,http://images.media-allrecipes.com/userphotos/560x315/969035.jpg
Candy Bar Popcorn,microwave popcorn|king size bar chocolate-coated caramel-peanut nougat candy,http://allrecipes.com/recipe/88547/candy-bar-popcorn/,http://images.media-allrecipes.com/userphotos/560x315/3688550.jpg
Lunch Box Hot Hot Dogs,cheddar cheese|all-beef dog|packet ketchup|dog bun|packet yellow mustard,http://allrecipes.com/recipe/157173/lunch-box-hot-hot-dogs/,http://images.media-allrecipes.com/userphotos/250x250/636390.jpg
Slow Cooker Cranberry Turkey Breast  ,cranberry sauce|onion soup|turkey breast|orange juice,http://allrecipes.com/recipe/216078/slow-cooker-cranberry-turkey-breast/,http://images.media-allrecipes.com/userphotos/560x315/1061283.jpg
Slamtastic Eggplant Sandwich,vegetable oil|eggplant cut into|bunch basil leave|crumbled feta cheese|garlic|mayonnaise|crusty sandwich roll,http://allrecipes.com/recipe/188369/slamtastic-eggplant-sandwich/,http://images.media-allrecipes.com/userphotos/560x315/431809.jpg
Vegan Pancakes,water|oil|flour|sugar|baking powder|salt,http://allrecipes.com/recipe/191885/vegan-pancakes/,http://images.media-allrecipes.com/userphotos/560x315/1046067.jpg
Holy Smoked Bacon and Mushroom Penne,freshly parmesan cheese|mushroom|salt pepper|penne pasta|virgin olive oil|garlic|smoked bacon|chicken stock,http://allrecipes.com/recipe/75322/holy-smoked-bacon-and-mushroom-penne/,http://images.media-allrecipes.com/userphotos/560x315/2859138.jpg
Not so Sloppy Joe Casserole,green bell pepper seeded|onion|ground black pepper|sloppy joe sauce|ground beef|garlic salt|refrigerated biscuit dough|cheddar cheese,http://allrecipes.com/recipe/162616/not-so-sloppy-joe-casserole/,http://images.media-allrecipes.com/userphotos/560x315/2609423.jpg
Alice's Sour Cream Chicken Breasts,parmesan cheese|chicken broth|dash lemon pepper|chicken breast|sour cream|salt|wine,http://allrecipes.com/recipe/8544/alices-sour-cream-chicken-breasts/,http://images.media-allrecipes.com/userphotos/250x250/617175.jpg
Dev's Dorm Room Casserole,water|broccoli floret|french fried onion|spaghetti|reduced fat reduced sodium condensed cream of mushroom soup,http://allrecipes.com/recipe/47194/devs-dorm-room-casserole/,http://images.media-allrecipes.com/userphotos/560x315/2787157.jpg
Corn with Jalapenos,jalapeno pepper seeded|onion|ear corn kernel cut from cob|salt ground black pepper|pimento pepper|butter cut into piece,http://allrecipes.com/recipe/142415/corn-with-jalapenos/,http://images.media-allrecipes.com/userphotos/560x315/41060.jpg
Toasted Caprese Sandwich,olive oil|butter|leave basil leave|tomatoe|garlic|mozzarella cheese|balsamic vinegar|loaf ciabatta bread in half horizontally|rosemary,http://allrecipes.com/recipe/206293/toasted-caprese-sandwich/,http://images.media-allrecipes.com/userphotos/560x315/661065.jpg
Grilled Cheese and Veggie Sandwich,coleslaw|havarti cheese|thick  sourdough bread|bean sprout|margarine|honey mustard,http://allrecipes.com/recipe/29982/grilled-cheese-and-veggie-sandwich/,http://images.media-allrecipes.com/userphotos/560x315/4025327.jpg
Ginny's Cheezy Macaroni,cheddar cheese|black pepper|macaroni|margarine|salt|milk,http://allrecipes.com/recipe/23840/ginnys-cheezy-macaroni/,http://images.media-allrecipes.com/userphotos/250x250/547603.jpg
Schweineruckbraten (Microwave Loin of Pork),thyme|ground black pepper|salt|water|onion halved|pork loin|rosemary|ground cumin,http://allrecipes.com/recipe/150743/schweineruckbraten-microwave-loin-of-pork/,http://images.media-allrecipes.com/userphotos/560x315/878200.jpg
Lentils for Stagflation,sesame oil|red pepper flake|cube vegetable bouillon|water|red lentil|curry powder|rice|egg,http://allrecipes.com/recipe/166042/lentils-for-stagflation/,http://images.media-allrecipes.com/userphotos/250x250/638005.jpg
Chocolate Cheesecake III,butter|cream cheese|square chocolate|sugar|whipping cream|egg|graham cracker,http://allrecipes.com/recipe/17414/chocolate-cheesecake-iii/,http://images.media-allrecipes.com/userphotos/250x250/425513.jpg
Zucchini Orzo,olive oil|parsley|uncooked orzo pasta|yellow squash cut into  cube|lemon juice|sweet onion|zucchini cut into  cube|salt ground black pepper|green onion,http://allrecipes.com/recipe/215783/zucchini-orzo/,http://images.media-allrecipes.com/userphotos/560x315/3607649.jpg
Peanut Butter Candy Bars,margarine|chocolate chip|graham cracker crumb|peanut butter|sugar,http://allrecipes.com/recipe/19016/peanut-butter-candy-bars/,http://images.media-allrecipes.com/userphotos/560x315/23197.jpg
Microwave Oven Peanut Brittle,butter|vanilla extract|peanut|baking soda|sugar|salt|corn syrup,http://allrecipes.com/recipe/9362/microwave-oven-peanut-brittle/,http://images.media-allrecipes.com/userphotos/560x315/2616197.jpg
Chocolate Cobbler,butter|cocoa powder|vanilla extract|sugar|water|self-rising flour|milk,http://allrecipes.com/recipe/69656/chocolate-cobbler/,http://images.media-allrecipes.com/userphotos/560x315/1002314.jpg
Shrimp and Peanut Butter Noodles,japanese udon noodle|peanut|chinese black vinegar|sugar|sesame oil|uncooked shrimp deveined tail left intact|broccoli floret|soy sauce|peanut butter,http://allrecipes.com/recipe/128355/shrimp-and-peanut-butter-noodles/,http://images.media-allrecipes.com/userphotos/560x315/3977204.jpg
Macaroni and Cheese Bake,tomatoe|condensed cream of chicken soup|sharp cheddar cheese|milk|elbow macaroni,http://allrecipes.com/recipe/19424/macaroni-and-cheese-bake/,http://images.media-allrecipes.com/userphotos/560x315/2026075.jpg
Cream Cheese Bars II,refrigerated crescent roll|vanilla extract|cream cheese|egg yolk|sugar|ground cinnamon,http://allrecipes.com/recipe/19261/cream-cheese-bars-ii/,http://images.media-allrecipes.com/userphotos/250x250/376335.jpg
Lil' Devils,butter|food cake|creamy peanut butter|marshmallow creme,http://allrecipes.com/recipe/15112/lil-devils/,http://images.media-allrecipes.com/userphotos/250x250/52946.jpg
Sesame Noodles,rice vinegar|safflower oil|linguine pasta|sesame seed|soy sauce|sesame oil|chili sauce|garlic|sugar|green onion,http://allrecipes.com/recipe/90044/sesame-noodles/,http://images.media-allrecipes.com/userphotos/560x315/2280923.jpg
Best Unsteamed Shrimp,butter|shrimp deveined|lemon juice|old bay seasoning tm,http://allrecipes.com/recipe/12820/best-unsteamed-shrimp/,http://images.media-allrecipes.com/userphotos/250x250/831695.jpg
Easy Mac and Cheese Soup,ham|onion|condensed cream of cheddar cheese soup|uncooked macaroni cheese|water|broccoli|milk,http://allrecipes.com/recipe/23858/easy-mac-and-cheese-soup/,http://images.media-allrecipes.com/userphotos/250x250/386992.jpg
Skillet Chili 'N Eggs,egg|chili with bean|american cheese cut diagonally into|whole-kernel corn,http://allrecipes.com/recipe/257163/skillet-chili-n-eggs/,http://images.media-allrecipes.com/global/recipes/nophoto/nopicture-910x511.png
Tofu Chocolate Pudding,water|chocolate chip|soy milk|firm tofu|vanilla extract,http://allrecipes.com/recipe/17443/tofu-chocolate-pudding/,http://images.media-allrecipes.com/userphotos/560x315/1955953.jpg
Easy Refrigerator Cookies,butter|cream of tartar|vanilla extract|flour|baking soda|salt|packed sugar|sugar|ground cinnamon|walnut|egg,http://allrecipes.com/recipe/15440/easy-refrigerator-cookies/,http://images.media-allrecipes.com/userphotos/560x315/3689070.jpg
Simple Tiramisu,ladyfinger|whipped topping|cream cheese|cocoa powder for dusting|maple syrup|sour cream|strong brewed coffee,http://allrecipes.com/recipe/21784/simple-tiramisu/,http://images.media-allrecipes.com/userphotos/250x250/52982.jpg
Yummy Vegetable Dip,vinegar|onion|sugar|garlic salt|horseradish|mayonnaise|ground turmeric,http://allrecipes.com/recipe/142297/yummy-vegetable-dip/,http://images.media-allrecipes.com/userphotos/560x315/376242.jpg
Cornbread Pancakes,flour|baking soda|butter cooled|sugar|baking powder|buttermilk|cornmeal|salt|egg,http://allrecipes.com/recipe/191710/cornbread-pancakes/,http://images.media-allrecipes.com/userphotos/250x250/894755.jpg
Shrimp and Grits With Kielbasa,olive oil|red pepper flake|kielbasa sausage|rosemary|uncooked shrimp deveined tail removed|water|garlic|polenta|sharp cheddar cheese|salt,http://allrecipes.com/recipe/220905/shrimp-and-grits-with-kielbasa/,http://images.media-allrecipes.com/userphotos/560x315/1087461.jpg
Pineapple Fried Rice II,garlic powder|water|pepper|ham|sesame oil|salt|green onion thinly including top|sugar|uncooked rice|pineapple chunk|soy sauce|egg|pea,http://allrecipes.com/recipe/56140/pineapple-fried-rice-ii/,http://images.media-allrecipes.com/userphotos/250x250/384934.jpg
Dorm Room Pheasant,long grain rice|chicken broth|salt pepper|milk|pheasant breast patted,http://allrecipes.com/recipe/127745/dorm-room-pheasant/,http://images.media-allrecipes.com/userphotos/560x315/4050400.jpg
Oven Baked Potato Wedges,olive oil|butter|seasoned bread crumb|russet potatoe cut into wedge,http://allrecipes.com/recipe/22317/oven-baked-potato-wedges/,http://images.media-allrecipes.com/userphotos/560x315/3376076.jpg
Fudgy Brownies II,butter|vanilla extract|flour|square chocolate|sugar|egg,http://allrecipes.com/recipe/24446/fudgy-brownies-ii/,http://images.media-allrecipes.com/userphotos/560x315/2185393.jpg
Slow Cooker Enchiladas,corn tortilla quartered|mexican cheese blend|taco seasoning|condensed cream of chicken soup|ground beef|water|condensed cream of mushroom soup|salsa,http://allrecipes.com/recipe/84482/slow-cooker-enchiladas/,http://images.media-allrecipes.com/userphotos/250x250/266803.jpg
Yummy Couscous Salad,butter|red bell pepper|couscou|salt pepper|red onion|raisin|parsley|water|chickpea|almond|creamy salad dressing|ground cumin|plain yogurt,http://allrecipes.com/recipe/14461/yummy-couscous-salad/,http://images.media-allrecipes.com/userphotos/560x315/1033106.jpg
Rich Pasta for the Poor Kitchen,butter|salt freshly ground black pepper|parmesan cheese|parsley|cayenne pepper|garlic|spaghetti,http://allrecipes.com/recipe/67700/rich-pasta-for-the-poor-kitchen/,http://images.media-allrecipes.com/userphotos/560x315/1069425.jpg
Inside-Out Pizza,tomato|flour tortilla|cheddar cheese|deli turkey breast|pizza sauce|black olive|mozzarella cheese|green bell pepper,http://allrecipes.com/recipe/143966/inside-out-pizza/,http://images.media-allrecipes.com/userphotos/250x250/42497.jpg
Dorm Room Chili Mac,dog chili|macaroni cheese|cheddar cheese cheese of choice,http://allrecipes.com/recipe/139471/dorm-room-chili-mac/,http://images.media-allrecipes.com/userphotos/560x315/3825471.jpg
Christmas Bark Candy,vegetable oil|mini candy-coated chocolate piece|vanilla baking chip,http://allrecipes.com/recipe/22979/christmas-bark-candy/,http://images.media-allrecipes.com/userphotos/560x315/820228.jpg
Hasty Chocolate Pudding,cornstarch|cocoa powder|milk|vanilla extract|sugar,http://allrecipes.com/recipe/69960/hasty-chocolate-pudding/,http://images.media-allrecipes.com/userphotos/250x250/39891.jpg
Quick and Simple Broccoli and Cheese,butter|broccoli floret|cheddar cheese|salt pepper,http://allrecipes.com/recipe/21155/quick-and-simple-broccoli-and-cheese/,http://images.media-allrecipes.com/userphotos/250x250/210133.jpg
Microwave Meatball Sandwich in Ten Minutes,meatball|spaghetti sauce|roll|provolone cheese,http://allrecipes.com/recipe/162752/microwave-meatball-sandwich-in-ten-minutes/,http://images.media-allrecipes.com/userphotos/560x315/3290859.jpg
Irish Cream Chocolate Mousse,chilled cream|egg separated|chocolate|irish cream liqueur|sugar,http://allrecipes.com/recipe/216924/irish-cream-chocolate-mousse/,http://images.media-allrecipes.com/userphotos/560x315/3205038.jpg
Cheese Cake Cups,vanilla wafer cooky|cream cheese|egg|vanilla extract|sugar,http://allrecipes.com/recipe/22746/cheese-cake-cups/,http://images.media-allrecipes.com/userphotos/560x315/14090.jpg
Wild Rice Micro Chicken,uncooked rice|mushroom|onion soup|water|wild rice|condensed cream of mushroom soup|salt|chicken breast cut into bite size piece,http://allrecipes.com/recipe/15843/wild-rice-micro-chicken/,http://images.media-allrecipes.com/userphotos/560x315/3518543.jpg
Microwave Tofu Banana Bread,silken tofu|miniature chocolate chip|pancake|ripe banana,http://allrecipes.com/recipe/142736/microwave-tofu-banana-bread/,http://images.media-allrecipes.com/global/recipes/nophoto/nopicture-910x511.png
Microwave Baked Apples,ground nutmeg|ground cinnamon|butter|apple|sugar,http://allrecipes.com/recipe/18389/microwave-baked-apples/,http://images.media-allrecipes.com/userphotos/560x315/204943.jpg
Magical Chocolate Bars,coconut oil|chocolate ice cream|chocolate chip|chocolate hard shell:|jumbo craft stick,http://allrecipes.com/recipe/254273/magical-chocolate-bars/,http://images.media-allrecipes.com/userphotos/560x315/3664170.jpg
Monster Cookies I,butter|vanilla extract|rolled oat|baking soda|packed sugar|sugar|chocolate chip|egg|peanut butter,http://allrecipes.com/recipe/9802/monster-cookies-i/,http://images.media-allrecipes.com/userphotos/560x315/2720050.jpg
Tuna, Avocado and Bacon Sandwich,tomato|dijon mustard|solid tuna packed in water|red onion|bacon|avocado pitted|black pepper|paprika|horseradish|bun|sweet pickle relish|provolone cheese|lettuce leave,http://allrecipes.com/recipe/139047/tuna-avocado-and-bacon-sandwich/,http://images.media-allrecipes.com/userphotos/250x250/697835.jpg
Outrageously Good Holiday Salad,baby salad green|avocado pitted|swis cheese|poppy seed salad dressing|bunche green onion thinly|red grapefruit sectioned,http://allrecipes.com/recipe/215975/outrageously-good-holiday-salad/,http://images.media-allrecipes.com/userphotos/560x315/761174.jpg
Restaurant Style Mac and Cheese,cheese|cheddar cheese|macaroni|salt|cream,http://allrecipes.com/recipe/23026/restaurant-style-mac-and-cheese/,http://images.media-allrecipes.com/userphotos/560x315/794691.jpg
Peanut Butter Cups,butter|vegetable oil|chocolate chip|peanut butter,http://allrecipes.com/recipe/20133/peanut-butter-cups/,http://images.media-allrecipes.com/userphotos/560x315/4025333.jpg
Pammy's Slow Cooker Beans,garlic powder|olive oil|pinto bean|onion|ground black pepper|water more if|onion powder|smoked turkey leg|bay leave,http://allrecipes.com/recipe/216098/pammys-slow-cooker-beans/,http://images.media-allrecipes.com/userphotos/560x315/677419.jpg
Slow Cooker Creole Black Beans and Sausage,water|pepper|thyme|onion|chicken bouillon granule|cayenne pepper|black bean rinsed|celery|green pepper|garlic|bay leave|smoked sausage cut into  inch|tomato sauce,http://allrecipes.com/recipe/190032/slow-cooker-creole-black-beans-and-sausage/,http://images.media-allrecipes.com/userphotos/560x315/599277.jpg
Instant Oatmeal Mix,ground nutmeg|nonfat milk powder|sugar|ground cinnamon|ground cardamom|pumpkin pie spice|salt,http://allrecipes.com/recipe/206461/instant-oatmeal-mix/,http://images.media-allrecipes.com/userphotos/560x315/603103.jpg
No Bake Oatmeal Cookies,butter|cocoa powder|rolled oat|vanilla|sugar|water,http://allrecipes.com/recipe/28796/no-bake-oatmeal-cookies/,http://images.media-allrecipes.com/userphotos/560x315/1118154.jpg
Easy Vegan Peanut Butter Fudge,vegan margarine|peanut butter|sugar,http://allrecipes.com/recipe/20471/easy-vegan-peanut-butter-fudge/,http://images.media-allrecipes.com/userphotos/560x315/1115681.jpg
Pap,butter|egg lightly|sugar|cornstarch|milk|vanilla extract,http://allrecipes.com/recipe/125575/pap/,http://images.media-allrecipes.com/userphotos/250x250/46244.jpg
Ham and Pineapple Fried Sandwiches,butter|vegetable oil|ham|cream cheese|crushed pineapple|sugar|provolone swis cheese|sourdough bread|egg|milk,http://allrecipes.com/recipe/139271/ham-and-pineapple-fried-sandwiches/,http://images.media-allrecipes.com/userphotos/560x315/1935597.jpg
Kitchenless Pizza-Tato,vegetable oil|butter|pizza sauce|baking potato|mozzarella cheese|salt,http://allrecipes.com/recipe/153192/kitchenless-pizza-tato/,http://images.media-allrecipes.com/userphotos/560x315/699809.jpg
Hot Coffee Masala,cinnamon stick|cumin seed|coffee granule|sugar|water|nonfat milk powder|star anise pod,http://allrecipes.com/recipe/219292/hot-coffee-masala/,http://images.media-allrecipes.com/userphotos/250x250/791946.jpg
Perfect Baked Potato,olive oil|butter|freshly ground black pepper|cheddar cheese|baking potato|salt,http://allrecipes.com/recipe/54679/perfect-baked-potato/,http://images.media-allrecipes.com/userphotos/560x315/613276.jpg
Hot Cinnamon Peanut Brittle,dry-roasted peanut|butter margarine|baking soda|cayenne pepper|ground cinnamon|sugar|corn syrup,http://allrecipes.com/recipe/76703/hot-cinnamon-peanut-brittle/,http://images.media-allrecipes.com/userphotos/560x315/2541117.jpg
Fast and Easy Tofu Lo-Mein,olive oil|firm tofu|soy sauce|water|stir-fry vegetable|ramen noodle,http://allrecipes.com/recipe/64678/fast-and-easy-tofu-lo-mein/,http://images.media-allrecipes.com/userphotos/560x315/387001.jpg
Oat Wheat Bread for Bread Maker,warm water|butter|active yeast|flour|wheat flour|sugar|oat flour|salt,http://allrecipes.com/recipe/217113/oat-wheat-bread-for-bread-maker/,http://images.media-allrecipes.com/userphotos/250x250/657106.jpg
Microwave Mississippi Mud Cake I,butter|cocoa powder|vanilla extract|flour|salt|sugar|miniature marshmallow|coarsely walnut|egg|milk,http://allrecipes.com/recipe/7514/microwave-mississippi-mud-cake-i/,http://images.media-allrecipes.com/userphotos/250x250/769360.jpg
Jalapeno Popper Spread,parmesan cheese|cream cheese|mayonnaise|green chily|jalapeno pepper,http://allrecipes.com/recipe/139012/jalapeno-popper-spread/,http://images.media-allrecipes.com/userphotos/250x250/265544.jpg
Moist Garlic Chicken,butter|dill weed|italian seasoning|water|garlic salt|chicken breast|cube chicken bouillon,http://allrecipes.com/recipe/73108/moist-garlic-chicken/,http://images.media-allrecipes.com/userphotos/560x315/2392222.jpg
Peanut Butter Popcorn,microwave popcorn popped|margarine|marshmallow|peanut butter|sugar,http://allrecipes.com/recipe/74363/peanut-butter-popcorn/,http://images.media-allrecipes.com/userphotos/560x315/25220.jpg
Mike's Favorite Grilled Cheese,butter|american cheese|bread,http://allrecipes.com/recipe/23892/mikes-favorite-grilled-cheese/,http://images.media-allrecipes.com/userphotos/250x250/153421.jpg
Slow Cooker Chicken and Dressing,butter|cream of chicken soup|coarsely chicken|onion|ground black pepper|egg|sage|chicken broth more|celery|poultry seasoning|cream of mushroom soup|salt|pan cornbread crumbled,http://allrecipes.com/recipe/230141/slow-cooker-chicken-and-dressing/,http://images.media-allrecipes.com/userphotos/560x315/3167438.jpg
Vegan Yogurt Sundae,vegan margarine|soy milk soy creamer|nut|vanilla soy yogurt|sugar|berry|vegan chocolate chip,http://allrecipes.com/recipe/139468/vegan-yogurt-sundae/,http://images.media-allrecipes.com/global/recipes/nophoto/nopicture-910x511.png
Cowboy Macaroni,parmesan cheese|onion|kernel corn|extra-lean ground beef|tomato sauce|tomato paste|macaroni cheese,http://allrecipes.com/recipe/19373/cowboy-macaroni/,http://images.media-allrecipes.com/userphotos/560x315/1341606.jpg
Apple Snack Squares,vegetable oil|vanilla extract|butterscotch chip|sugar|tart apple|ground cinnamon|self-rising flour|walnut|egg,http://allrecipes.com/recipe/20542/apple-snack-squares/,http://images.media-allrecipes.com/userphotos/250x250/495934.jpg
Calimocho (Kalimotxo),liter cola-flavored carbonated beverage|red wine,http://allrecipes.com/recipe/134113/calimocho-kalimotxo/,http://images.media-allrecipes.com/userphotos/250x250/810082.jpg
Vegan Gelatin,water|cornstarch|cherry juice|agar-agar,http://allrecipes.com/recipe/131067/vegan-gelatin/,http://images.media-allrecipes.com/userphotos/560x315/37438.jpg
Crack Burrito,flour tortilla|peanut butter|vanilla frosting,http://allrecipes.com/recipe/254807/crack-burrito/,http://images.media-allrecipes.com/global/recipes/nophoto/nopicture-910x511.png
Power Oatmeal,banana mashed|greek yogurt|quick cooking oat|flax seed meal|milk|peanut butter,http://allrecipes.com/recipe/246423/power-oatmeal/,http://images.media-allrecipes.com/userphotos/560x315/4431981.jpg
Avocado Egg Salad,salt pepper|red onion|avocado pitted|sweet pickle|yellow mustard|hard-boiled egg|mayonnaise,http://allrecipes.com/recipe/170446/avocado-egg-salad/,http://images.media-allrecipes.com/userphotos/560x315/879480.jpg
Ben Lippen School Coffee Cake (Mrs. Hathaway's recipe),butter|vanilla extract|flour|salt|sugar|baking powder|ground cinnamon|egg|milk,http://allrecipes.com/recipe/69496/ben-lippen-school-coffee-cake-mrs-hathaways-recipe/,http://images.media-allrecipes.com/userphotos/560x315/4056321.jpg
Grilled Cheese and Bacon Potatoes,salt pepper|bacon|cheese food|baking potatoe cut into wedge,http://allrecipes.com/recipe/20982/grilled-cheese-and-bacon-potatoes/,http://images.media-allrecipes.com/userphotos/560x315/1017965.jpg
Easy Red Velvet Cake,cake|red food coloring desired|non-instant chocolate pudding|buttermilk,http://allrecipes.com/recipe/24280/easy-red-velvet-cake/,http://images.media-allrecipes.com/userphotos/250x250/141283.jpg
Graduation Cake,butter|vanilla extract|salt|shortening|baking powder|cake flour|sugar|egg|milk,http://allrecipes.com/recipe/7563/graduation-cake/,http://images.media-allrecipes.com/userphotos/250x250/624264.jpg
Sauteed String Beans,olive oil|garlic powder|marinated cocktail onion with liquid|onion|ground black pepper|garlic salt|green bean snapped,http://allrecipes.com/recipe/87259/sauteed-string-beans/,http://images.media-allrecipes.com/userphotos/250x250/159464.jpg
Farfalle with Ham and Peas,garlic powder|cheddar cheese|ground black pepper|milk|ham cut into bite-size piece|mozzarella cheese|uncooked farfalle (bow tie) pasta|pea,http://allrecipes.com/recipe/186959/farfalle-with-ham-and-peas/,http://images.media-allrecipes.com/userphotos/250x250/688768.jpg
Spiced Egg Curry,onion finely|piece ginger|chili powder|curry leave|garlic paste|turmeric powder|cooking oil|hard-boiled egg|tomato paste|coriander powder|salt|ripe tomatoe,http://allrecipes.com/recipe/254255/spiced-egg-curry/,http://images.media-allrecipes.com/global/recipes/nophoto/nopicture-910x511.png
Curried Winter Squash,maple syrup|mashed winter squash|cayenne pepper|curry powder|sweetened coconut flake|salt|butter tran fat-free margarine,http://allrecipes.com/recipe/130805/curried-winter-squash/,http://images.media-allrecipes.com/userphotos/250x250/746106.jpg
Chocolate Ganache,dark rum|cream|chocolate,http://allrecipes.com/recipe/33647/chocolate-ganache/,http://images.media-allrecipes.com/userphotos/560x315/3418931.jpg
Microwave Chicken Teriyaki,garlic powder|individual packet sugar|chicken breast half cut into strip|packet ketchup|soy sauce,http://allrecipes.com/recipe/139017/microwave-chicken-teriyaki/,http://images.media-allrecipes.com/userphotos/560x315/970904.jpg
Easy Peezy Sweet Toasted Cheese Sandwich,hawaiian bread roll|cheddar cheese|sugar,http://allrecipes.com/recipe/240831/easy-peezy-sweet-toasted-cheese-sandwich/,http://images.media-allrecipes.com/userphotos/560x315/2375602.jpg
Chinese Chicken Soup,celery|green onion|soy sauce|sugar|sesame oil|lettuce|quart chicken broth|chile paste|chicken breast|ginger root|ramen noodle|ground turmeric,http://allrecipes.com/recipe/23878/chinese-chicken-soup/,http://images.media-allrecipes.com/userphotos/250x250/546853.jpg
A-Plus Italian Olive Oil Balsamic Bread Dip,crushed red pepper flake|extra-virgin olive oil|garlic|salt black pepper|balsamic vinegar|rosemary,http://allrecipes.com/recipe/214601/a-plus-italian-olive-oil-balsamic-bread-dip/,http://images.media-allrecipes.com/userphotos/250x250/582109.jpg
Loga's Microwave Chicken,curry powder|ketchup|chicken leg|cayenne pepper,http://allrecipes.com/recipe/16255/logas-microwave-chicken/,http://images.media-allrecipes.com/userphotos/560x315/3122549.jpg
Superfood Green Smoothie,brewed green tea chilled more|kale|ripe banana|ice cube|pear cut into chunk|spinach leave|blueberry|plain yogurt|ground flax seed,http://allrecipes.com/recipe/254852/superfood-green-smoothie/,http://images.media-allrecipes.com/global/recipes/nophoto/nopicture-910x511.png
Microwave Cake,applesauce|egg|apple pie filling|yellow cake,http://allrecipes.com/recipe/7285/microwave-cake/,http://images.media-allrecipes.com/userphotos/250x250/208647.jpg
Mom's Warm Milk,ground nutmeg|sugar|milk|vanilla extract,http://allrecipes.com/recipe/85032/moms-warm-milk/,http://images.media-allrecipes.com/userphotos/560x315/3934040.jpg
Truffle Lovers' Popcorn,microwave popcorn popped|truffle oil|sea salt|parsley|parmesan cheese,http://allrecipes.com/recipe/216733/truffle-lovers-popcorn/,http://images.media-allrecipes.com/userphotos/560x315/2677260.jpg
Blueberry Egg and Cheese Bagel,butter|american cheese|egg|blueberry bagel|salt pepper,http://allrecipes.com/recipe/138135/blueberry-egg-and-cheese-bagel/,http://images.media-allrecipes.com/userphotos/560x315/2869542.jpg
Beer Cheese Pretzel Dip,seasoned salt|cheddar cheese|cream cheese|cayenne pepper|beer|ranch salad dressing,http://allrecipes.com/recipe/217887/beer-cheese-pretzel-dip/,http://images.media-allrecipes.com/userphotos/560x315/714900.jpg
Hash Brown Hot Dish Stuffed Bell Peppers,cheddar cheese|salt pepper|jalapeno pepper|ground beef|cumin|hash patty|green bean|bell pepper top cut off seeded,http://allrecipes.com/recipe/111814/hash-brown-hot-dish-stuffed-bell-peppers/,http://images.media-allrecipes.com/userphotos/560x315/3529844.jpg
Ramen Noodle Soup,chili oil|soy sauce|vegetable broth|ramen noodle with vegetable|ginger root|green onion,http://allrecipes.com/recipe/21187/ramen-noodle-soup/,http://images.media-allrecipes.com/userphotos/560x315/3828501.jpg
Twice Microwaved Potatoes,garlic powder|cheese|cheddar cheese|seasoned salt|ground black pepper|russet potatoe|sour cream|green onion,http://allrecipes.com/recipe/74576/twice-microwaved-potatoes/,http://images.media-allrecipes.com/userphotos/560x315/805857.jpg
Cinnamon and Sugar French Waffle Toast,vanilla extract|sugar|cinnamon|egg|milk|bread,http://allrecipes.com/recipe/206433/cinnamon-and-sugar-french-waffle-toast/,http://images.media-allrecipes.com/userphotos/560x315/2638655.jpg
Nana's Acorn Squash,acorn squash halved seeded|butter|sugar|salt pepper,http://allrecipes.com/recipe/21827/nanas-acorn-squash/,http://images.media-allrecipes.com/userphotos/250x250/143697.jpg
Aunt Bev's Glorified Grilled Cheese Sandwich,butter|dijon mustard|salt pepper|ham|swis cheese|mayonnaise|egg|italian bread,http://allrecipes.com/recipe/84923/aunt-bevs-glorified-grilled-cheese-sandwich/,http://images.media-allrecipes.com/userphotos/560x315/12426.jpg
Slow Cooker Buffalo Chicken Sandwiches,butter|chicken breast|ranch salad dressing|roll|buffalo wing sauce,http://allrecipes.com/recipe/176132/slow-cooker-buffalo-chicken-sandwiches/,http://images.media-allrecipes.com/userphotos/560x315/494608.jpg
Turkey Sausage Noodles,olive oil|onion|turkey sausage cut into piece|flour|chicken ramen noodle|water|green pea|sour cream,http://allrecipes.com/recipe/17314/turkey-sausage-noodles/,http://images.media-allrecipes.com/userphotos/250x250/202751.jpg
Korean Kimchi Jigeh Stew,fully luncheon meat|chili powder|ground black pepper|water|napa cabbage kim chee brine reserved|salt,http://allrecipes.com/recipe/84204/korean-kimchi-jigeh-stew/,http://images.media-allrecipes.com/userphotos/250x250/354067.jpg
Banana Split Cookies,butter|flour|baking soda|salt|packed sugar|walnut|baking powder|ground cinnamon|egg|mashed banana|ground,http://allrecipes.com/recipe/15048/banana-split-cookies/,http://images.media-allrecipes.com/userphotos/250x250/280553.jpg
Chocolate Chocolate Chip Cake Cookies,cocoa powder|vanilla extract|flour|baking soda|sugar|chocolate chip|walnut|egg|kosher salt|unsalted butter,http://allrecipes.com/recipe/11203/chocolate-chocolate-chip-cake-cookies/,http://images.media-allrecipes.com/userphotos/560x315/2947.jpg
Southwest Chicken Casserole,rice|cheddar cheese|onion|salt pepper|water|condensed cream of mushroom soup|green chile|chicken chunk,http://allrecipes.com/recipe/8746/southwest-chicken-casserole/,http://images.media-allrecipes.com/userphotos/560x315/1349358.jpg
Chocolate Pudding Fudge Cake,vegetable oil|food cake|chocolate pudding|water|butter|chocolate chip|sour cream|egg|milk,http://allrecipes.com/recipe/17775/chocolate-pudding-fudge-cake/,http://images.media-allrecipes.com/userphotos/560x315/1688194.jpg
Sue's Baba Ghanoush,olive oil|lemon juice|garlic|eggplant|tahini|salt,http://allrecipes.com/recipe/109920/sues-baba-ghanoush/,http://images.media-allrecipes.com/userphotos/250x250/768645.jpg
Camping Milkshake,ice cube|drop vanilla extract|salt|milk|sugar,http://allrecipes.com/recipe/256001/camping-milkshake/,http://images.media-allrecipes.com/userphotos/560x315/4382301.jpg
Hot Dog Macaroni Bake,garlic powder|condensed cream of celery soup|onion|salt pepper|condensed tomato soup|green pea|frankfurter|macaroni cheese|loaf cheese food,http://allrecipes.com/recipe/38126/hot-dog-macaroni-bake/,http://images.media-allrecipes.com/userphotos/560x315/3759867.jpg
Chocolate Chip Cookie Dough Fudge,mini chocolate chip|vanilla extract|cream cheese|sugar packed|sugar|flour|margarine|salt,http://allrecipes.com/recipe/184838/chocolate-chip-cookie-dough-fudge/,http://images.media-allrecipes.com/userphotos/250x250/823209.jpg
Italian Grilled Cheese Sandwiches,garlic powder|vodka marinara sauce|oregano|mozzarella cheese|unsalted butter|bread,http://allrecipes.com/recipe/54725/italian-grilled-cheese-sandwiches/,http://images.media-allrecipes.com/userphotos/250x250/16887.jpg
Cauliflower with Dijon Sauce,mayonnaise|sharp cheddar cheese|cauliflower separated into floret|dijon mustard,http://allrecipes.com/recipe/68246/cauliflower-with-dijon-sauce/,http://images.media-allrecipes.com/userphotos/250x250/19521.jpg
Easy Chocolate Tofu Pie,cocoa powder|vanilla extract|cider vinegar|silken tofu|sugar|graham cracker crust,http://allrecipes.com/recipe/24370/easy-chocolate-tofu-pie/,http://images.media-allrecipes.com/userphotos/250x250/850468.jpg
Fudgy Nutella Mug Cake,cocoa powder|vanilla extract|flour|almond milk|baking powder|chocolate-hazelnut spread|coconut flour,http://allrecipes.com/recipe/241528/fudgy-nutella-mug-cake/,http://images.media-allrecipes.com/userphotos/560x315/2162039.jpg
Breakfast Grits,butter|freshly ground black pepper|water|hominy grit|sharp cheddar cheese|salt,http://allrecipes.com/recipe/14020/breakfast-grits/,http://images.media-allrecipes.com/userphotos/250x250/854705.jpg
Gourmet Grilled Cheese Sandwiches,butter|colby-monterey jack cheese|cream cheese|french bread|garlic salt|mayonnaise,http://allrecipes.com/recipe/32124/gourmet-grilled-cheese-sandwiches/,http://images.media-allrecipes.com/userphotos/250x250/882526.jpg
Slow Cooker Venison Burritos,mexican cheese blend|cream cheese|black bean|mexicorn|salsa|venison round steak|flour tortilla warmed,http://allrecipes.com/recipe/169982/slow-cooker-venison-burritos/,http://images.media-allrecipes.com/userphotos/560x315/2994478.jpg
Creamy Rice Pudding,butter|vanilla extract|salt|raisin|sugar|uncooked rice|egg|milk,http://allrecipes.com/recipe/24059/creamy-rice-pudding/,http://images.media-allrecipes.com/userphotos/250x250/108681.jpg
Potato Chips,vegetable oil|salt|potato,http://allrecipes.com/recipe/66646/potato-chips/,http://images.media-allrecipes.com/userphotos/250x250/969840.jpg
Gaye's Microwave Fudge,butter|cocoa powder|milk|vanilla extract|sugar,http://allrecipes.com/recipe/23090/gayes-microwave-fudge/,http://images.media-allrecipes.com/userphotos/560x315/4473492.jpg
Holiday Shrimp Dip,red bell pepper|assorted cracker for dipping|cream cheese|cocktail sauce|shrimp|mozzarella cheese|green bell pepper,http://allrecipes.com/recipe/171681/holiday-shrimp-dip/,http://images.media-allrecipes.com/userphotos/250x250/545315.jpg
Garlic Baked Potato,olive oil|baking potatoe scrubbed|salt pepper|garlic salt,http://allrecipes.com/recipe/73191/garlic-baked-potato/,http://images.media-allrecipes.com/userphotos/250x250/914231.jpg
Cheesy Grilled Cheese,butter|muenster cheese|rye bread|cheddar cheese|provolone cheese,http://allrecipes.com/recipe/60449/cheesy-grilled-cheese/,http://images.media-allrecipes.com/userphotos/250x250/198099.jpg
Bow Tie Pasta with Tomato Tuna Sauce,olive oil|parmesan cheese|ground black pepper|lemon zest|wheat bread crumb|bean|tomato sauce|tuna|farfalle (bow tie) pasta|salt,http://allrecipes.com/recipe/168248/bow-tie-pasta-with-tomato-tuna-sauce/,http://images.media-allrecipes.com/global/recipes/nophoto/nopicture-910x511.png
Southern Yank Pulled Pork BBQ,pork shoulder roast|water|chili powder|onion|worcestershire sauce|bottled barbecue sauce|sugar|celery|pepper sauce|honey|garlic|salt ground black pepper|ketchup,http://allrecipes.com/recipe/216155/southern-yank-pulled-pork-bbq/,http://images.media-allrecipes.com/userphotos/560x315/1116073.jpg
Couscous, Cranberry, and  Feta Salad,couscou|balsamic vinaigrette salad dressing|water|cucumber|cranberry|salt|crumbled feta cheese,http://allrecipes.com/recipe/166167/couscous-cranberry-and-feta-salad/,http://images.media-allrecipes.com/userphotos/250x250/86396.jpg
Korean Squash,vinegar|sesame oil|ground black pepper|soy sauce|water|bunch green onion|sugar|zucchini,http://allrecipes.com/recipe/59252/korean-squash/,http://images.media-allrecipes.com/global/recipes/nophoto/nopicture-910x511.png
Delicious Egg Salad for Sandwiches,salt pepper|paprika|yellow mustard|mayonnaise|egg|green onion,http://allrecipes.com/recipe/147103/delicious-egg-salad-for-sandwiches/,http://images.media-allrecipes.com/userphotos/250x250/632353.jpg
Strawberry-Melon Summer Salad,cantaloupe ball|watermelon ball|honey|lemon yogurt|lemon juice|halved strawberry,http://allrecipes.com/recipe/214986/strawberry-melon-summer-salad/,http://images.media-allrecipes.com/userphotos/560x315/656452.jpg
Microwave Baked Potato,russet potato|sour cream|cheddar cheese|butter margarine|salt pepper,http://allrecipes.com/recipe/85337/microwave-baked-potato/,http://images.media-allrecipes.com/userphotos/560x315/438952.jpg
Microwave Mississippi Mud Cake II,cocoa powder|vanilla extract|flour|walnut|miniature marshmallow|margarine|sugar|egg|milk,http://allrecipes.com/recipe/18180/microwave-mississippi-mud-cake-ii/,http://images.media-allrecipes.com/userphotos/250x250/417115.jpg
Hot Dog Creole,vegetable oil|bell pepper|stewed tomatoe|onion|salt pepper|dog cut into  piece|oregano,http://allrecipes.com/recipe/179982/hot-dog-creole/,http://images.media-allrecipes.com/userphotos/250x250/774982.jpg
Dorm Room Cheesy Tuna and Noodles,water|water-packed tuna|american cheese|any flavor ramen noodle,http://allrecipes.com/recipe/138924/dorm-room-cheesy-tuna-and-noodles/,http://images.media-allrecipes.com/userphotos/560x315/1106863.jpg
Runza Burgers,onion|salt pepper|worcestershire sauce|ground beef|beef broth|hamburger bun|garlic|yellow mustard|cabbage,http://allrecipes.com/recipe/100513/runza-burgers/,http://images.media-allrecipes.com/userphotos/560x315/1054095.jpg
Superfast Asian Noodle Bowl for 1,chicken-flavored ramen noodle|sesame oil|garlic chile paste|cilantro leave|water|jalapeno pepper very thinly|wedge lime juiced|green onion|mushroom thinly,http://allrecipes.com/recipe/247155/superfast-asian-noodle-bowl-for-1/,http://images.media-allrecipes.com/userphotos/560x315/3637606.jpg
Microwave Corn on the Cob,ear corn,http://allrecipes.com/recipe/51025/microwave-corn-on-the-cob/,http://images.media-allrecipes.com/userphotos/250x250/241208.jpg
Cheesy Ramen Noodles,water|american cheese|any flavor ramen noodle,http://allrecipes.com/recipe/139184/cheesy-ramen-noodles/,http://images.media-allrecipes.com/userphotos/560x315/1073526.jpg
Oaty Cereal Bars,honey|oat cereal|salted peanut|peanut butter|sugar,http://allrecipes.com/recipe/22212/oaty-cereal-bars/,http://images.media-allrecipes.com/userphotos/560x315/187834.jpg
Basic Microwave Risotto,butter|parmesan cheese|onion|garlic|vegetable broth|uncooked arborio rice|wine,http://allrecipes.com/recipe/14134/basic-microwave-risotto/,http://images.media-allrecipes.com/userphotos/560x315/3437373.jpg
Quick and Easy Grilled Cheese,butter|dill|parsley|oregano|basil|sharp cheddar cheese|rosemary|bread,http://allrecipes.com/recipe/145967/quick-and-easy-grilled-cheese/,http://images.media-allrecipes.com/userphotos/250x250/199699.jpg
Best Mug Cake (Paleo),olive oil|baking soda|chocolate chip more|water|drop coffee-flavored extract|coconut flour|egg,http://allrecipes.com/recipe/235539/best-mug-cake-paleo/,http://images.media-allrecipes.com/userphotos/560x315/2535866.jpg
Maple Syrup Casserole Made in Heaven,cream cheese|egg|milk|maple syrup|loaf day-old french bread,http://allrecipes.com/recipe/57680/maple-syrup-casserole-made-in-heaven/,http://images.media-allrecipes.com/userphotos/560x315/1770223.jpg
Marsha's Garoni,bologna|packet gravy|macaroni cheese,http://allrecipes.com/recipe/56497/marshas-garoni/,http://images.media-allrecipes.com/userphotos/250x250/647156.jpg
Billionaire's Franks and Beans,cannellini bean rinsed|salt freshly ground black pepper|poblano chile pepper|dijon mustard|chicken broth|worcestershire sauce|dog|sugar|rib celery|yellow onion|green onion|cayenne pepper other red pepper|ketchup|unsalted butter,http://allrecipes.com/recipe/244913/billionaires-franks-and-beans/,http://images.media-allrecipes.com/userphotos/560x315/2617397.jpg
Microwave Cracker Pizzas,pizza sauce|finely mozzarella cheese|pepperoni pizza topping of your choice|wheat cracker,http://allrecipes.com/recipe/139281/microwave-cracker-pizzas/,http://images.media-allrecipes.com/userphotos/250x250/122419.jpg
Cheesy Poppy Seed Bread,bunch green onion thinly|butter|round loaf sourdough bread|swis cheese|poppy seed|celery salt,http://allrecipes.com/recipe/188694/cheesy-poppy-seed-bread/,http://images.media-allrecipes.com/userphotos/560x315/713683.jpg
Ham and Pear Panini,ham|pear thinly|mozzarella cheese|dashe ground black pepper|margarine|bread|mustard,http://allrecipes.com/recipe/191159/ham-and-pear-panini/,http://images.media-allrecipes.com/userphotos/560x315/1022823.jpg
Cowboy Mexican Dip,tomatoe green chile|loaf cheese|chili without bean|beef tamale mashed,http://allrecipes.com/recipe/44831/cowboy-mexican-dip/,http://images.media-allrecipes.com/userphotos/560x315/1019663.jpg
Mock Sliders,onion soup|sour cream|roll|corned beef|dill pickle,http://allrecipes.com/recipe/25507/mock-sliders/,http://images.media-allrecipes.com/userphotos/560x315/3291466.jpg
Chicken Fajita Melts,vegetable oil|red bell pepper|cheddar cheese|onion|taco seasoning|french bread|salsa|chicken breast thinly|tomato juice,http://allrecipes.com/recipe/186983/chicken-fajita-melts/,http://images.media-allrecipes.com/userphotos/560x315/328905.jpg
Dad's Asian Slaw,coleslaw|bottled oil vinegar salad dressing|almond|sugar|beef flavor ramen noodle with seasoning packet|bunch green onion|sunflower seed kernel,http://allrecipes.com/recipe/206503/dads-asian-slaw/,http://images.media-allrecipes.com/userphotos/560x315/858842.jpg
Orange Flavored Fudge,butter|finely pecan|orange liqueur|sugar|miniature marshmallow|chocolate chip|orange peel|evaporated milk,http://allrecipes.com/recipe/22557/orange-flavored-fudge/,http://images.media-allrecipes.com/userphotos/560x315/970347.jpg
Indian Chai Hot Chocolate,water|chocolate|milk|chai tea,http://allrecipes.com/recipe/155060/indian-chai-hot-chocolate/,http://images.media-allrecipes.com/userphotos/560x315/765567.jpg
Chinese Fried Noodles,vegetable oil|sesame oil|red bell pepper|soy sauce|green onion thinly|green pea|carrot|ramen noodle|egg,http://allrecipes.com/recipe/34668/chinese-fried-noodles/,http://images.media-allrecipes.com/userphotos/560x315/1067424.jpg
Amaretto Mousse Cheesecake,butter|unflavored gelatin|vanilla extract|cream cheese|sugar|water|lemon juice|whipping cream|graham cracker crumb|evaporated milk|amaretto liqueur,http://allrecipes.com/recipe/15414/amaretto-mousse-cheesecake/,http://images.media-allrecipes.com/userphotos/250x250/368665.jpg
Vegan Chocolate Cake,vegetable oil|vinegar|cocoa powder|vanilla extract|flour|baking soda|sugar|water|salt,http://allrecipes.com/recipe/16779/vegan-chocolate-cake/,http://images.media-allrecipes.com/userphotos/250x250/15788.jpg
Fiesta Pita,cilantro|avocado pitted|vegetarian refried bean|salsa|wheat pita bread|sauce|crumbled feta cheese,http://allrecipes.com/recipe/216916/fiesta-pita/,http://images.media-allrecipes.com/userphotos/250x250/856029.jpg
Tuna Casserole III,crushed potato chip|tuna flaked|condensed cream of mushroom soup,http://allrecipes.com/recipe/25860/tuna-casserole-iii/,http://images.media-allrecipes.com/userphotos/560x315/1026553.jpg
Shelby's Microwave Meat Loaf,garlic powder|egg lightly|onion|ground black pepper|saltine cracker crumb|ground beef|sugar|tomato sauce|green bell pepper|salt|mustard,http://allrecipes.com/recipe/216907/shelbys-microwave-meat-loaf/,http://images.media-allrecipes.com/userphotos/560x315/4424829.jpg
Stuffed Acorn Squash Supreme,crushed coriander seed|apple|monterey jack cheese|acorn squash halved seeded|broccoli cheese rice|turkey breakfast sausage,http://allrecipes.com/recipe/20073/stuffed-acorn-squash-supreme/,http://images.media-allrecipes.com/userphotos/250x250/466672.jpg
Banana Caramel Fluff,butter|caramel topping|refrigerated crescent roll|banana|vanilla extract,http://allrecipes.com/recipe/19030/banana-caramel-fluff/,http://images.media-allrecipes.com/userphotos/560x315/3380684.jpg
Easy, Boneless Hot Wings,butter|pepper sauce|breaded chicken strip,http://allrecipes.com/recipe/139168/easy-boneless-hot-wings/,http://images.media-allrecipes.com/userphotos/560x315/3302603.jpg
Nesquik Brownie in a Mug,powdered chocolate drink|flour|salt|olive oil|water,http://allrecipes.com/recipe/254672/nesquik-brownie-in-a-mug/,http://images.media-allrecipes.com/userphotos/560x315/3770448.jpg
Chocolate Covered Blueberries,blueberry rinsed|semi-sweet chocolate chip|shortening,http://allrecipes.com/recipe/64628/chocolate-covered-blueberries/,http://images.media-allrecipes.com/userphotos/560x315/4477807.jpg
Easiest Peanut Butter Fudge,butter|vanilla extract|milk|peanut butter|sugar,http://allrecipes.com/recipe/22724/easiest-peanut-butter-fudge/,http://images.media-allrecipes.com/userphotos/250x250/305440.jpg
Summer Rainbow Salad,lime juice|vine-ripe tomatoe|red onion|avocado pitted|bunch cilantro|orange bell pepper|mango seeded|blueberry|pineapple juice,http://allrecipes.com/recipe/166866/summer-rainbow-salad/,http://images.media-allrecipes.com/userphotos/250x250/80320.jpg
Bacon and Egg Tacos,butter|flour tortilla|ground black pepper|egg|american cheese|crumbled bacon|salsa|salt,http://allrecipes.com/recipe/245713/bacon-and-egg-tacos/,http://images.media-allrecipes.com/userphotos/560x315/3147449.jpg
Eggplant Sandwiches,olive oil|tomato|eggplant halved|garlic|french sandwich roll|mayonnaise|basil leave|crumbled feta cheese,http://allrecipes.com/recipe/29942/eggplant-sandwiches/,http://images.media-allrecipes.com/userphotos/560x315/680248.jpg
Pizza Casserole,pizza sauce|parmesan cheese|uncooked macaroni cheese|pepperoni sausage|mozzarella cheese,http://allrecipes.com/recipe/19355/pizza-casserole/,http://images.media-allrecipes.com/userphotos/560x315/2458103.jpg
Mom's Baked Macaroni and Cheese,colby cheese|condensed cheddar cheese soup|macaroni|milk,http://allrecipes.com/recipe/19427/moms-baked-macaroni-and-cheese/,http://images.media-allrecipes.com/userphotos/250x250/37289.jpg
Far East Tuna (Canapes),finely pecan|crushed pineapple|buttery round cracker|curry powder|mayonnaise|tuna flaked,http://allrecipes.com/recipe/24910/far-east-tuna-canapes/,http://images.media-allrecipes.com/userphotos/560x315/624617.jpg
Uncooked Banana Pudding,whipped topping|vanilla wafer cooky|banana|vanilla pudding|sour cream|milk,http://allrecipes.com/recipe/18992/uncooked-banana-pudding/,http://images.media-allrecipes.com/userphotos/560x315/806045.jpg
College Student's Saucy Chickpeas,chickpea rinsed|curry powder|garlic powder|salt|crushed tomatoe,http://allrecipes.com/recipe/103494/college-students-saucy-chickpeas/,http://images.media-allrecipes.com/userphotos/250x250/838808.jpg
Microwave Peanut Patties,butter|vanilla extract|peanut|sugar|water|drop red food coloring|corn syrup,http://allrecipes.com/recipe/24281/microwave-peanut-patties/,http://images.media-allrecipes.com/userphotos/560x315/1053683.jpg
Swirled Pumpkin and Cream Cheese Cheesecake,butter|sweetened condensed milk|gingersnap cookie crumb|marshmallow|pumpkin puree|whipped topping|cream cheese|vanilla extract|caramel|ground cinnamon|pecan|salt|ground ginger|ground,http://allrecipes.com/recipe/19559/swirled-pumpkin-and-cream-cheese-cheesecake/,http://images.media-allrecipes.com/userphotos/250x250/520373.jpg
Quick Macaroni and Cheese,parmesan cheese|cheddar cheese|elbow macaroni|ground black pepper|macaroni cheese|milk,http://allrecipes.com/recipe/19428/quick-macaroni-and-cheese/,http://images.media-allrecipes.com/userphotos/560x315/2529180.jpg
Great Twice Baked Potatoes,olive oil|butter|cheddar cheese|salt pepper|milk|baking potatoe|paprika|egg|green onion,http://allrecipes.com/recipe/24357/great-twice-baked-potatoes/,http://images.media-allrecipes.com/userphotos/560x315/3067481.jpg
Easy Add-In Macaroni and Cheese,cheddar cheese|uncooked macaroni cheese|buttery round cracker|condensed cream of mushroom soup|margarine|sour cream,http://allrecipes.com/recipe/23705/easy-add-in-macaroni-and-cheese/,http://images.media-allrecipes.com/userphotos/250x250/754349.jpg
Fragrant Red Lentil and Rainbow Chard Soup,olive oil|vegetable broth|onion|bulb garlic|ground cumin|red lentil|curry powder|bunch swis chard|ground coriander|vegetable bouillon|ground turmeric,http://allrecipes.com/recipe/246517/fragrant-red-lentil-and-rainbow-chard-soup/,http://images.media-allrecipes.com/global/recipes/nophoto/nopicture-910x511.png
Slightly Healthier College Ramen Soup,ramen noodle pasta with flavor packet|egg lightly|mushroom|water|carrot|milk,http://allrecipes.com/recipe/73378/slightly-healthier-college-ramen-soup/,http://images.media-allrecipes.com/userphotos/250x250/182966.jpg
Quick Asian Beef Noodle Soup,vegetable oil|beef ramen noodle|bok choy|onion|ground beef|soy sauce|water|garlic|ground ginger,http://allrecipes.com/recipe/13014/quick-asian-beef-noodle-soup/,http://images.media-allrecipes.com/userphotos/560x315/1072832.jpg
Easy Mac 'n' Cheese,parmesan cheese|proces cheese sauce|frankfurter|macaroni|oregano|buttery round cracker crushed,http://allrecipes.com/recipe/19416/easy-mac-n-cheese/,http://images.media-allrecipes.com/userphotos/560x315/3372168.jpg
Cilantro Tomato Corn Salad,butter|salt freshly ground black pepper|jalapeno pepper seeded finely|red onion finely|salt-free lemon-herb seasoning|bunch cilantro|roma  tomatoe|garlic|ear corn in husk,http://allrecipes.com/recipe/70285/cilantro-tomato-corn-salad/,http://images.media-allrecipes.com/userphotos/250x250/213251.jpg
Dirty Chips,cheese curd|pepperoncini pepper|bacon|pepperoncini-flavored kettle-cooked potato chip|coarsely ground black pepper,http://allrecipes.com/recipe/257311/dirty-chips/,http://images.media-allrecipes.com/global/recipes/nophoto/nopicture-910x511.png
Easy Pistachio English Toffee Ice Box Cake,angel food cake|bar chocolate covered english toffee|pistachio pudding|tub whipped topping|milk,http://allrecipes.com/recipe/142300/easy-pistachio-english-toffee-ice-box-cake/,http://images.media-allrecipes.com/userphotos/560x315/3236062.jpg
World's Best Bacon Cheese Dip,cream cheese|bacon|green onion finely|swis cheese|buttery round cracker crushed|mayonnaise,http://allrecipes.com/recipe/81038/worlds-best-bacon-cheese-dip/,http://images.media-allrecipes.com/userphotos/560x315/261081.jpg
Cherry Almond Pound Cake,cherry chip cake|almond extract|egg|cherry pie filling|sugar,http://allrecipes.com/recipe/106335/cherry-almond-pound-cake/,http://images.media-allrecipes.com/userphotos/560x315/2880360.jpg
Lemon Syllabub,ground nutmeg|lemon|lemon zest|sugar|lemon juice|mint leave|whipping cream chilled|wine,http://allrecipes.com/recipe/46525/lemon-syllabub/,http://images.media-allrecipes.com/userphotos/560x315/14350.jpg
Parmesan Lemon Chicken,vegetable oil|parmesan cheese|parsley|lemon herb seasoning|garlic powder|black pepper|italian seasoned bread crumb|egg|chicken breast thinly|butter cut into piece,http://allrecipes.com/recipe/103686/parmesan-lemon-chicken/,http://images.media-allrecipes.com/userphotos/560x315/2006017.jpg
Creamy Mushroom Macaroni,butter|elbow macaroni|milk|cheese food|condensed cream of mushroom soup,http://allrecipes.com/recipe/19415/creamy-mushroom-macaroni/,http://images.media-allrecipes.com/userphotos/250x250/6343.jpg
Microwave Tacos,garlic powder|tomato|cheddar cheese|finely onion|chili powder|taco shell warmed|ground beef|cayenne pepper|water|lettuce|taco sauce|salt,http://allrecipes.com/recipe/73708/microwave-tacos/,http://images.media-allrecipes.com/userphotos/250x250/693922.jpg
Candied Acorn Squash,acorn squash halved seeded|butter|packed sugar,http://allrecipes.com/recipe/56178/candied-acorn-squash/,http://images.media-allrecipes.com/userphotos/250x250/500646.jpg
Spicy Mixed Nuts,almond|ginger|sugar|water|pecan|cinnamon|nutmeg|walnut|egg,http://allrecipes.com/recipe/77519/spicy-mixed-nuts/,http://images.media-allrecipes.com/userphotos/250x250/316554.jpg
Buffalo Chicken Sliders,rotisserie chicken boned|buffalo wing sauce|celery finely|carrot|roll|crumbled blue cheese,http://allrecipes.com/recipe/176431/buffalo-chicken-sliders/,http://images.media-allrecipes.com/userphotos/250x250/710219.jpg
Rocky Road Candies,butter|dry-roasted peanut|chocolate chip|miniature marshmallow|sweetened condensed milk,http://allrecipes.com/recipe/22730/rocky-road-candies/,http://images.media-allrecipes.com/userphotos/250x250/304483.jpg
Peanut Butter Cup Grilled Sandwich,margarine|chocolate chip|peanut butter|bread,http://allrecipes.com/recipe/55951/peanut-butter-cup-grilled-sandwich/,http://images.media-allrecipes.com/userphotos/250x250/787602.jpg
Romaine Rice Tuna Salad,olive oil|ground black pepper|albacore tuna in water flaked|water|long grain rice|carrot|balsamic vinegar|romaine lettuce|salt,http://allrecipes.com/recipe/79713/romaine-rice-tuna-salad/,http://images.media-allrecipes.com/userphotos/560x315/1124214.jpg
Best Peanut Butter Cookies Ever,vanilla extract|egg|baking soda|sugar|salt|peanut butter,http://allrecipes.com/recipe/16754/best-peanut-butter-cookies-ever/,http://images.media-allrecipes.com/userphotos/250x250/61039.jpg
Super Cereal Bars,butter|miniature marshmallow|sweetened apple cinnamon cereal,http://allrecipes.com/recipe/23743/super-cereal-bars/,http://images.media-allrecipes.com/userphotos/560x315/3712987.jpg
Easy 1000 Watt Microwave Pralines,butter|milk|pecan|sugar|salt|corn syrup,http://allrecipes.com/recipe/19040/easy-1000-watt-microwave-pralines/,http://images.media-allrecipes.com/global/recipes/nophoto/nopicture-910x511.png
Busy Student's Supper,basmati rice|olive oil|lemon pepper|salt-free garlic herb seasoning blend|onion|mixed vegetable|bread crumb for topping|paprika|vegetable broth|salmon flaked,http://allrecipes.com/recipe/24510/busy-students-supper/,http://images.media-allrecipes.com/global/recipes/nophoto/nopicture-910x511.png
Vegan Brownies,vegetable oil|water|cocoa powder|vanilla extract|sugar|baking powder|unbleached flour|salt,http://allrecipes.com/recipe/68436/vegan-brownies/,http://images.media-allrecipes.com/userphotos/560x315/34119.jpg
Ultimate Twice Baked Potatoes,butter|pepper|cheddar cheese|bacon|green onion|baking potatoe|sour cream|salt|milk,http://allrecipes.com/recipe/24332/ultimate-twice-baked-potatoes/,http://images.media-allrecipes.com/userphotos/560x315/1307873.jpg
Quick Tuna Casserole,tuna|macaroni cheese|pea|condensed cream of mushroom soup,http://allrecipes.com/recipe/54496/quick-tuna-casserole/,http://images.media-allrecipes.com/userphotos/250x250/303309.jpg
Easy Tuna Casserole,condensed cream of chicken soup|tuna|cheddar cheese|macaroni|french fried onion,http://allrecipes.com/recipe/18871/easy-tuna-casserole/,http://images.media-allrecipes.com/userphotos/250x250/668635.jpg
Garlic Chicken Fragrant Rice On a Budget,olive oil|uncooked jasmine rice|sesame oil|garlic smashed|piece ginger root crushed|water|chicken thigh with skin|cube chicken bouillon|green onion,http://allrecipes.com/recipe/171368/garlic-chicken-fragrant-rice-on-a-budget/,http://images.media-allrecipes.com/userphotos/250x250/401438.jpg
Slow Cooker Sweet Chicken Chili,sea salt|cheddar cheese|black bean undrained|sugar|seasoned rice vinegar|green bell pepper coarsely|tomato paste|onion cut into chunk|chicken breast|dark red kidney bean undrained|pinto bean undrained|asian chili black bean sauce,http://allrecipes.com/recipe/213264/slow-cooker-sweet-chicken-chili/,http://images.media-allrecipes.com/userphotos/560x315/2893875.jpg
Salt and Spice Pork Wrap,vegetable oil|flour tortilla|fresh-ground black pepper|cheddar cheese|pork loin chop|onion salt|cayenne pepper|salsa guacamole,http://allrecipes.com/recipe/139044/salt-and-spice-pork-wrap/,http://images.media-allrecipes.com/userphotos/250x250/663536.jpg
Healthy Rhubarb Cake in a Mug,rhubarb|flour|sugar|ground cinnamon|egg|milk,http://allrecipes.com/recipe/246903/healthy-rhubarb-cake-in-a-mug/,http://images.media-allrecipes.com/userphotos/560x315/3649939.jpg
Blueberries n' Cheese Squares,butter|vanilla extract|cream cheese|blueberry pie filling|sugar|whipping cream|graham cracker crumb|milk,http://allrecipes.com/recipe/17411/blueberries-n-cheese-squares/,http://images.media-allrecipes.com/userphotos/560x315/2756327.jpg
Microwave Potato Chips,salt|yukon gold potatoe,http://allrecipes.com/recipe/140512/microwave-potato-chips/,http://images.media-allrecipes.com/userphotos/560x315/2366445.jpg
Jack-O-Lantern Pumpkin Pancakes,vegetable oil|quick cooking oat|flour|sugar|baking powder|ground cinnamon|chocolate chip|pumpkin|salt|milk|egg|ground,http://allrecipes.com/recipe/207315/jack-o-lantern-pumpkin-pancakes/,http://images.media-allrecipes.com/userphotos/560x315/490288.jpg
Chili Cheese Dip V,cream cheese|chili|cheddar cheese,http://allrecipes.com/recipe/25510/chili-cheese-dip-v/,http://images.media-allrecipes.com/userphotos/560x315/3731617.jpg
Chilled Salmon With Summer Tomato Salsa,tomato|olive oil|cilantro|corn kernel|garlic crushed|salt pepper|has avocado|red onion|fillet salmon skin removed|lime cut in wedge|balsamic vinegar,http://allrecipes.com/recipe/78010/chilled-salmon-with-summer-tomato-salsa/,http://images.media-allrecipes.com/userphotos/250x250/821026.jpg
Fruity Sticks,strawberry|banana cut into  inch piece|apple|marshmallow|chocolate,http://allrecipes.com/recipe/89358/fruity-sticks/,http://images.media-allrecipes.com/userphotos/560x315/1092350.jpg
Meatloaf in a Mug,seasoned salt|ground black pepper|worcestershire sauce|ground beef|green onion thinly|bread torn into piece|milk,http://allrecipes.com/recipe/172100/meatloaf-in-a-mug/,http://images.media-allrecipes.com/userphotos/560x315/3858005.jpg
One Pot Tuna Casserole,butter|cheddar cheese|egg noodle|green pea|condensed cream of mushroom soup|tuna|milk,http://allrecipes.com/recipe/24512/one-pot-tuna-casserole/,http://images.media-allrecipes.com/userphotos/250x250/542136.jpg
Halloween Popcorn Pumpkins,butter margarine|drop red food coloring|miniature marshmallow|salted peanut|popped popcorn|drop yellow food coloring|candy corn|stick red black licorice cut into third,http://allrecipes.com/recipe/127501/halloween-popcorn-pumpkins/,http://images.media-allrecipes.com/userphotos/560x315/47899.jpg
Best Ever Chocolate Chip Cookies I,vanilla extract|flour|baking soda|salt|packed sugar|sugar|margarine|chocolate chip|egg,http://allrecipes.com/recipe/10664/best-ever-chocolate-chip-cookies-i/,http://images.media-allrecipes.com/userphotos/560x315/2388060.jpg
Pizza Eggs,vegetable oil|italian seasoning|onion powder|leftover pizza|salt black pepper|egg|milk,http://allrecipes.com/recipe/213114/pizza-eggs/,http://images.media-allrecipes.com/userphotos/560x315/1587309.jpg
Mom's Gourmet Grilled Cheese Sandwich,butter|sourdough bread|american cheese|cheddar cheese|parmesan cheese,http://allrecipes.com/recipe/60704/moms-gourmet-grilled-cheese-sandwich/,http://images.media-allrecipes.com/userphotos/250x250/312132.jpg
Microwaved Potatoes Lyonnaise,potatoe|onion|paprika|black pepper|garlic|oregano|margarine|salt,http://allrecipes.com/recipe/24753/microwaved-potatoes-lyonnaise/,http://images.media-allrecipes.com/userphotos/560x315/1090465.jpg
Gobble Up Granola Snacks,crispy rice cereal|raisin|packed sugar|quick-cooking oat|crunchy peanut butter|corn syrup|vanilla extract,http://allrecipes.com/recipe/69235/gobble-up-granola-snacks/,http://images.media-allrecipes.com/userphotos/560x315/352397.jpg
Guaco-Tacos,torn romaine lettuce|kidney bean rinsed|cilantro|onion|salt pepper|avocado halved with pit removed|jalapeno pepper|tomatoe rinsed patted|garlic coarsely|wheat tortilla|roma tomatoe quartered,http://allrecipes.com/recipe/192599/guaco-tacos/,http://images.media-allrecipes.com/userphotos/560x315/2736780.jpg
Cuban Beans and Rice,olive oil|kidney bean with liquid reserved|onion|uncooked rice|garlic|tomato paste|green bell pepper|salt,http://allrecipes.com/recipe/21574/cuban-beans-and-rice/,http://images.media-allrecipes.com/userphotos/560x315/3904366.jpg
Tomato Bacon Grilled Cheese,butter|tomato|american cheese|bacon|bread,http://allrecipes.com/recipe/61648/tomato-bacon-grilled-cheese/,http://images.media-allrecipes.com/userphotos/250x250/422192.jpg
Jailhouse Rocks ,butter|vanilla extract|flour|baking soda|sugar|water|egg|candy-coated chocolate piece,http://allrecipes.com/recipe/15332/jailhouse-rocks/,http://images.media-allrecipes.com/userphotos/560x315/970574.jpg
Hot and Tangy Apple Cider,|gallon orange juice|quart grapefruit juice|cinnamon stick|gallon apple cider,http://allrecipes.com/recipe/215977/hot-and-tangy-apple-cider/,http://images.media-allrecipes.com/userphotos/250x250/481726.jpg
Quick and Easy Stuffed Peppers,green onion thinly|crushed red pepper flake|corn kernel|kidney bean rinsed|quick-cooking rice|water|red bell pepper halved seeded|mozzarella cheese|parmesan cheese|stewed tomatoe with liquid,http://allrecipes.com/recipe/14044/quick-and-easy-stuffed-peppers/,http://images.media-allrecipes.com/userphotos/560x315/1014681.jpg
Beef on Weck,caraway seed|kaiser roll|horseradish|kosher salt|thinly roast beef|au ju sauce,http://allrecipes.com/recipe/162533/beef-on-weck/,http://images.media-allrecipes.com/userphotos/250x250/777706.jpg
Edamame Dip (Edamole),olive oil|salt pepper|cumin|shelled edamame|water|pepper sauce|chipotle pepper in adobo sauce|garlic,http://allrecipes.com/recipe/174480/edamame-dip-edamole/,http://images.media-allrecipes.com/userphotos/560x315/373932.jpg
Easy Decadent Truffles,cream cheese|chocolate chip|vanilla|sugar,http://allrecipes.com/recipe/41236/easy-decadent-truffles/,http://images.media-allrecipes.com/userphotos/560x315/30737.jpg
Drunken Sailors,sugar|whiskey|kielbasa sausage into  inch piece|box toothpick|barbeque sauce|ketchup,http://allrecipes.com/recipe/149726/drunken-sailors/,http://images.media-allrecipes.com/userphotos/560x315/967163.jpg
Pleasant Pork Chops,butter|bay leaf|onion|salt pepper|chicken broth|paprika|garlic|sour cream|pork chop,http://allrecipes.com/recipe/22353/pleasant-pork-chops/,http://images.media-allrecipes.com/userphotos/250x250/608403.jpg
Marshmallow Popcorn Balls,vegetable oil|butter|unpopped popcorn|miniature marshmallow,http://allrecipes.com/recipe/19154/marshmallow-popcorn-balls/,http://images.media-allrecipes.com/userphotos/560x315/47732.jpg
Amateur's Light Breeze Chicken Chili,green bell pepper seeded|chili powder|onion|chunk chicken undrained|chili bean|chicken broth|mexican-style stewed tomatoe|jalapeno pepper|water|salt|ground cumin,http://allrecipes.com/recipe/26355/amateurs-light-breeze-chicken-chili/,http://images.media-allrecipes.com/userphotos/560x315/823870.jpg
Chocolate Peanut Butter Pudding Cookies,butter|vanilla extract|chocolate pudding|flour|packed sugar|sugar|baking powder|peanut butter chip|egg,http://allrecipes.com/recipe/22866/chocolate-peanut-butter-pudding-cookies/,http://images.media-allrecipes.com/userphotos/250x250/615283.jpg
Emily's Famous Popcorn,vegetable oil|butter|chili powder|unpopped popcorn|nutritional yeast|salt|ground cumin,http://allrecipes.com/recipe/56079/emilys-famous-popcorn/,http://images.media-allrecipes.com/userphotos/250x250/163735.jpg
Chili Cheese Dip IV,salsa|black olive|cheddar cheese|chili without bean|tortilla chip,http://allrecipes.com/recipe/24923/chili-cheese-dip-iv/,http://images.media-allrecipes.com/userphotos/250x250/336304.jpg
Grilled Cheese and Peanut Butter Sandwich,cheddar cheese|butter margarine|peanut butter|bread,http://allrecipes.com/recipe/70394/grilled-cheese-and-peanut-butter-sandwich/,http://images.media-allrecipes.com/userphotos/250x250/474679.jpg
Avocado Toast (Vegan),whole-grain bread|garlic powder|lemon juiced|avocado halved pitted|ground black pepper|onion powder|parsley|extra-virgin olive oil|salt,http://allrecipes.com/recipe/246803/avocado-toast-vegan/,http://images.media-allrecipes.com/userphotos/560x315/3605756.jpg
Chop Chop Salad,tomato|cilantro|red grapefruit|green onion|cucumber|jicama|orange bell pepper,http://allrecipes.com/recipe/217013/chop-chop-salad/,http://images.media-allrecipes.com/userphotos/560x315/662768.jpg
Chickpea and Couscous Delight,olive oil|vinegar|salt pepper|garbanzo bean|water|garlic powder|cucumber|uncooked couscou|roma  tomatoe thinly,http://allrecipes.com/recipe/42864/chickpea-and-couscous-delight/,http://images.media-allrecipes.com/userphotos/560x315/375814.jpg
BLT II Dip,tomatoe|mayonnaise|sour cream|bacon|paprika,http://allrecipes.com/recipe/80282/blt-ii-dip/,http://images.media-allrecipes.com/userphotos/250x250/909312.jpg
Simple Summer Smoothie,orange juice|cherry|blueberry|honey|strawberry|ice cube|vanilla yogurt|banana,http://allrecipes.com/recipe/172463/simple-summer-smoothie/,http://images.media-allrecipes.com/userphotos/250x250/937507.jpg
Leftover Thanksgiving Salad,turkey|hard-cooked egg|ham|sweetened cranberry|salt ground black pepper|mayonnaise|basil leave,http://allrecipes.com/recipe/130738/leftover-thanksgiving-salad/,http://images.media-allrecipes.com/userphotos/560x315/1883196.jpg
Microwave Mochi,sugar|water|drop vinegar|mochiko|salt|potato starch,http://allrecipes.com/recipe/43486/microwave-mochi/,http://images.media-allrecipes.com/userphotos/560x315/955793.jpg
No-Bake Energy Bars with Honey,honey|creamy peanut butter|granola|sheet waxed,http://allrecipes.com/recipe/254849/no-bake-energy-bars-with-honey/,http://images.media-allrecipes.com/global/recipes/nophoto/nopicture-910x511.png
Chinese Microwaved Tofu with Minced Pork,dash ground black pepper|dash crushed red pepper flake|tofu|sugar|sesame oil|cornstarch|ground pork|carrot|chile pepper|soy sauce|green onion,http://allrecipes.com/recipe/74713/chinese-microwaved-tofu-with-minced-pork/,http://images.media-allrecipes.com/global/recipes/nophoto/nopicture-910x511.png
Yia Yia's Tzatziki Sauce,garlic|virgin olive oil|sour cream|english cucumber|greek yogurt,http://allrecipes.com/recipe/141046/yia-yias-tzatziki-sauce/,http://images.media-allrecipes.com/userphotos/560x315/3829754.jpg
Fresh Fruit Ice Cream in a Baggie,vanilla extract|half-and-half cream|sugar|strawberry|ice cube|kosher salt,http://allrecipes.com/recipe/144185/fresh-fruit-ice-cream-in-a-baggie/,http://images.media-allrecipes.com/userphotos/250x250/374038.jpg
Fruity French Toast Sandwiches,vanilla extract|cream cheese|jam|dash ground cinnamon|egg|milk|bread,http://allrecipes.com/recipe/246208/fruity-french-toast-sandwiches/,http://images.media-allrecipes.com/userphotos/560x315/3381745.jpg
Nat and Darcy's Amazing Eggplant Lasagna,ricotta cheese|salt pepper|bacon|favorite spaghetti sauce|eggplant|mozzarella cheese|crumbled feta cheese,http://allrecipes.com/recipe/49296/nat-and-darcys-amazing-eggplant-lasagna/,http://images.media-allrecipes.com/userphotos/250x250/996458.jpg
Shawn's Study Snacks,butter|ground nutmeg|banana mashed|rolled oat|flour|baking soda|raisin|packed sugar|sugar|ground cinnamon|walnut|egg,http://allrecipes.com/recipe/10860/shawns-study-snacks/,http://images.media-allrecipes.com/userphotos/560x315/993961.jpg
Pita Love,sunflower seed|celery|mushroom|ground black pepper|monterey jack cheese|virgin olive oil|carrot|black bean rinsed|bean sprout rinsed|chive|black olive|wheat pita bread cut into quarter|sour cream for topping|salt|green onion|ground ginger,http://allrecipes.com/recipe/42628/pita-love/,http://images.media-allrecipes.com/userphotos/250x250/893688.jpg
Chipotle-Mango Guacamole,lime juice|cayenne pepper|red onion|jalapeno pepper|bunch cilantro|roma  tomatoe|chipotle pepper in adobo sauce|garlic|black pepper|mango seeded|avocado mashed|sour cream|ground cumin,http://allrecipes.com/recipe/241254/chipotle-mango-guacamole/,http://images.media-allrecipes.com/userphotos/560x315/2139839.jpg
Ham Bagels With Honey Mustard Cream Cheese,honey|bagel|deli-style ham|dijon mustard|whipped cream cheese,http://allrecipes.com/recipe/163129/ham-bagels-with-honey-mustard-cream-cheese/,http://images.media-allrecipes.com/userphotos/250x250/468198.jpg
Chocolate Cornstarch Pudding,butter|cocoa powder|vanilla extract|sugar|cornstarch|salt|milk,http://allrecipes.com/recipe/44699/chocolate-cornstarch-pudding/,http://images.media-allrecipes.com/userphotos/560x315/1042501.jpg
Microwave Peanut Brittle,butter|vanilla extract|baking soda|sugar|salted peanut|corn syrup,http://allrecipes.com/recipe/19888/microwave-peanut-brittle/,http://images.media-allrecipes.com/userphotos/250x250/5205.jpg
Famous Coconut-Almond Balls,flaked coconut|almond|chocolate chip|corn syrup|shortening,http://allrecipes.com/recipe/18982/famous-coconut-almond-balls/,http://images.media-allrecipes.com/userphotos/250x250/158948.jpg
Cheese Grits,margarine|american cheese|water|pepper sauce|seasoning salt|hominy grit|egg,http://allrecipes.com/recipe/18261/cheese-grits/,http://images.media-allrecipes.com/userphotos/250x250/445212.jpg
Tex'n Melt'm,salsa|mexican-style cheese blend|refried bean,http://allrecipes.com/recipe/189117/texn-meltm/,http://images.media-allrecipes.com/userphotos/560x315/2239555.jpg
One Bowl Chocolate Cake III,vegetable oil|water|cocoa powder|vanilla extract|flour|baking soda|milk|sugar|baking powder|salt|egg,http://allrecipes.com/recipe/17981/one-bowl-chocolate-cake-iii/,http://images.media-allrecipes.com/userphotos/560x315/708879.jpg
Awesome Grilled Cheese Sandwiches,butter|cheddar cheese|bread,http://allrecipes.com/recipe/32089/awesome-grilled-cheese-sandwiches/,http://images.media-allrecipes.com/userphotos/250x250/71725.jpg
Crazy Cake,vegetable oil|vinegar|cocoa powder|vanilla extract|flour|baking soda|sugar|water|salt,http://allrecipes.com/recipe/7475/crazy-cake/,http://images.media-allrecipes.com/userphotos/250x250/69978.jpg
Green Egg and Ham Cups,butter|deli ham|gruyere cheese|salt pepper|flour|beef broth|green onion thinly|leek tender green part only thinly|egg|cream,http://allrecipes.com/recipe/159453/green-egg-and-ham-cups/,http://images.media-allrecipes.com/userphotos/560x315/3288287.jpg
Grilled Cheese with Tomato, Peppers and Basil,tomato|butter|cheddar cheese|salt pepper|serrano pepper seeded thinly|basil|bread,http://allrecipes.com/recipe/40422/grilled-cheese-with-tomato-peppers-and-basil/,http://images.media-allrecipes.com/userphotos/250x250/41420.jpg
Cereal Treats II,butter|miniature marshmallow|crispy rice cereal,http://allrecipes.com/recipe/22203/cereal-treats-ii/,http://images.media-allrecipes.com/userphotos/250x250/24385.jpg
South-of-the-Border Stuffed Peppers,vegetable oil|uncooked rice|onion|red bell pepper top seed removed|asadero cheese|poblano pepper|ground beef|water|salt ground black pepper|garlic|oregano leave|red enchilada sauce|ground cumin,http://allrecipes.com/recipe/142936/south-of-the-border-stuffed-peppers/,http://images.media-allrecipes.com/userphotos/250x250/365440.jpg
Chocolate Eclair Dessert,vanilla pudding|whipped topping|milk|chocolate frosting|individual graham cracker,http://allrecipes.com/recipe/19009/chocolate-eclair-dessert/,http://images.media-allrecipes.com/userphotos/560x315/2359.jpg
Espresso Bark,margarine|chocolate chip|chocolate|coffee bean,http://allrecipes.com/recipe/131146/espresso-bark/,http://images.media-allrecipes.com/userphotos/250x250/59900.jpg
Microwave Sponge Pudding,butter|self-rising flour|egg|milk|sugar,http://allrecipes.com/recipe/82260/microwave-sponge-pudding/,http://images.media-allrecipes.com/userphotos/250x250/635038.jpg
Grilled Apple and Swiss Cheese Sandwich,wheat bread|olive oil|swis cheese|granny smith apple thinly,http://allrecipes.com/recipe/166847/grilled-apple-and-swiss-cheese-sandwich/,http://images.media-allrecipes.com/userphotos/250x250/100111.jpg
Easy Microwave Chocolate Cake,butter|cocoa powder|vanilla extract|flour|salt|sugar|baking powder|egg|milk,http://allrecipes.com/recipe/140772/easy-microwave-chocolate-cake/,http://images.media-allrecipes.com/userphotos/560x315/1975995.jpg
Mango Salsa,crushed red pepper flake|rice vinegar|finely ginger|red onion|cilantro leave|mangoe seeded|pineapple tidbit,http://allrecipes.com/recipe/187951/mango-salsa/,http://images.media-allrecipes.com/userphotos/250x250/237016.jpg
Quickie Chocolate Cherry Parfait,chocolate pudding|non-dairy whipped topping|evaporated milk|cherry pie filling|ground cinnamon,http://allrecipes.com/recipe/139902/quickie-chocolate-cherry-parfait/,http://images.media-allrecipes.com/userphotos/560x315/4472694.jpg
Chicken Soup Casserole,condensed cream of celery soup|onion|boiled chicken breast meat|buttery round cracker crushed|condensed cream of chicken soup|mayonnaise|condensed chicken rice soup,http://allrecipes.com/recipe/8868/chicken-soup-casserole/,http://images.media-allrecipes.com/userphotos/250x250/724391.jpg
French Toast Variation of Eggs in a Basket,olive oil|egg|bread,http://allrecipes.com/recipe/257249/french-toast-variation-of-eggs-in-a-basket/,http://images.media-allrecipes.com/global/recipes/nophoto/nopicture-910x511.png
Dad's Spaghetti Western,garlic powder|cheddar cheese|onion|chili powder|spaghetti broken into  piece|crushed tomatoe|ground beef|tomato paste|basil|sour cream|kidney bean,http://allrecipes.com/recipe/26267/dads-spaghetti-western/,http://images.media-allrecipes.com/userphotos/560x315/3375779.jpg
Candy Bar Fudge,butter|cocoa powder|vanilla extract|packed sugar|sugar|water|salted peanut|milk chocolate chip|chocolate chip|milk|individually wrapped caramel unwrapped,http://allrecipes.com/recipe/24288/candy-bar-fudge/,http://images.media-allrecipes.com/userphotos/250x250/151206.jpg
Quinoa Vegetable Medley,baby spinach leave|mushroom|ground black pepper|garbanzo bean rinsed|celery|quinoa rinsed|garlic|vegetable broth|olive oil more if|sweet onion|sea salt|zucchini,http://allrecipes.com/recipe/215782/quinoa-vegetable-medley/,http://images.media-allrecipes.com/userphotos/560x315/968343.jpg
Pumpkin Pie Mug Cake,ground nutmeg|dark sugar|vanilla extract|pumpkin puree|flour|salt|sugar|ground cinnamon|egg|ground ginger,http://allrecipes.com/recipe/255805/pumpkin-pie-mug-cake/,http://images.media-allrecipes.com/userphotos/560x315/4422403.jpg
Amy's Triple Decker Turkey Bacon Sandwich,cheddar cheese|bread|mayonnaise|turkey bacon|lettuce leave|tomato thinly,http://allrecipes.com/recipe/23827/amys-triple-decker-turkey-bacon-sandwich/,http://images.media-allrecipes.com/userphotos/250x250/592563.jpg
Egg-Free Dairy-Free Nut-Free Cake,vegetable oil|vinegar|cocoa powder|vanilla extract|semi-sweet chocolate chip|flour|baking soda|sugar|water|salt,http://allrecipes.com/recipe/18061/egg-free-dairy-free-nut-free-cake/,http://images.media-allrecipes.com/userphotos/560x315/4453546.jpg
Soda Cracker Candy,butter|chocolate chip|almond|packed sugar|saltine cracker,http://allrecipes.com/recipe/22787/soda-cracker-candy/,http://images.media-allrecipes.com/userphotos/560x315/3684198.jpg
Snow Ice Cream,sweetened condensed milk|gallon clean snow,http://allrecipes.com/recipe/235816/snow-ice-cream/,http://images.media-allrecipes.com/userphotos/560x315/1085419.jpg
Panzanella Panini,tomato|olive oil|mozzarella cheese|balsamic vinegar|basil leave|french deli roll,http://allrecipes.com/recipe/176277/panzanella-panini/,http://images.media-allrecipes.com/userphotos/250x250/223191.jpg
Hawaiian Tuna Sandwich,butter|salt freshly ground black pepper|pineapple ring|dash chili powder|lettuce|lemon juice|hamburger bun|tuna chunk in olive oil|mozzarella cheese,http://allrecipes.com/recipe/101294/hawaiian-tuna-sandwich/,http://images.media-allrecipes.com/userphotos/250x250/213991.jpg
Grilled Peanut Butter and Banana Sandwich,wheat bread|peanut butter|cooking spray|banana,http://allrecipes.com/recipe/92486/grilled-peanut-butter-and-banana-sandwich/,http://images.media-allrecipes.com/userphotos/560x315/338144.jpg
Slow Cooker Lasagna II,parmesan cheese|ricotta cheese|spaghetti sauce|ground beef|lasagna noodle|mozzarella cheese|egg,http://allrecipes.com/recipe/112538/slow-cooker-lasagna-ii/,http://images.media-allrecipes.com/userphotos/560x315/4462517.jpg
Jenny's Amazing Vegan/Vegetarian 'Jello' Shots,orange-flavored gel dessert snack|fluid peach schnapp,http://allrecipes.com/recipe/229392/jennys-amazing-veganvegetarian-jello-shots/,http://images.media-allrecipes.com/global/recipes/nophoto/nopicture-910x511.png
Grilled Hot Turkey Sandwiches,butter|sourdough bread|deli-sliced turkey|pepperjack cheese|salsa|mayonnaise|green onion,http://allrecipes.com/recipe/65663/grilled-hot-turkey-sandwiches/,http://images.media-allrecipes.com/userphotos/250x250/221451.jpg
Greek Lazy Lasagna,black olive|onion|spinach|chicken breast thinly|lemon juice|extra-virgin olive oil|garlic|crumbled feta cheese|uncooked mafalda pasta (mini lasagne noodles),http://allrecipes.com/recipe/189328/greek-lazy-lasagna/,http://images.media-allrecipes.com/userphotos/250x250/202794.jpg
Apple Pie Cake-Mix Cake,butter|apple pie filling|yellow cake,http://allrecipes.com/recipe/244777/apple-pie-cake-mix-cake/,http://images.media-allrecipes.com/userphotos/560x315/4471353.jpg
Unbelievable Spinach Calzones,freshly parmesan cheese|spinach squeezed|ricotta cheese|italian seasoning|salt pepper|mozzarella cheese|bread dough|egg,http://allrecipes.com/recipe/93357/unbelievable-spinach-calzones/,http://images.media-allrecipes.com/userphotos/250x250/32494.jpg
Nic's Easiest, Creamiest Macaroni and Cheese,condensed cream of chicken soup|macaroni cheese,http://allrecipes.com/recipe/45352/nics-easiest-creamiest-macaroni-and-cheese/,http://images.media-allrecipes.com/userphotos/560x315/2292709.jpg
Ground Beef Curly Noodle,tomatoe|ramen noodle|kernel corn|ground beef,http://allrecipes.com/recipe/73402/ground-beef-curly-noodle/,http://images.media-allrecipes.com/userphotos/250x250/408024.jpg
Dan's Meat Wrap,tomato|flour tortilla|onion|roast beef|lettuce|italian-style salad dressing|black olive|cheddar-monterey jack cheese blend,http://allrecipes.com/recipe/46006/dans-meat-wrap/,http://images.media-allrecipes.com/userphotos/560x315/616002.jpg
Lieblich Noodle Kugel,wide egg noodle|cottage cheese|apple|crushed pineapple undrained|sugar|ground cinnamon|butter|wine such riesling,http://allrecipes.com/recipe/110808/lieblich-noodle-kugel/,http://images.media-allrecipes.com/global/recipes/nophoto/nopicture-910x511.png
Easy No-Boil Macaroni and Cheese,butter|water cover|cheddar cheese|bread crumb|uncooked elbow macaroni|curd cottage cheese,http://allrecipes.com/recipe/192744/easy-no-boil-macaroni-and-cheese/,http://images.media-allrecipes.com/userphotos/250x250/579589.jpg
Denny's Amazing Five Minute Asiago Dip,marinated artichoke heart|mayonnaise|garlic|asiago cheese,http://allrecipes.com/recipe/66423/dennys-amazing-five-minute-asiago-dip/,http://images.media-allrecipes.com/userphotos/250x250/856129.jpg
Cinnamon Sugar Tortilla Delight,flour tortilla|butter-flavored spread|cinnamon sugar,http://allrecipes.com/recipe/139032/cinnamon-sugar-tortilla-delight/,http://images.media-allrecipes.com/userphotos/560x315/3084030.jpg
Exquisite Pulled Pork,red pepper flake|onion|ground black pepper|worcestershire sauce|sugar|balsamic vinegar|extra-virgin olive oil|garlic|pork butt roast|tomato paste|onion thickly|sea salt|molasse,http://allrecipes.com/recipe/235363/exquisite-pulled-pork/,http://images.media-allrecipes.com/userphotos/560x315/4442010.jpg
Chocolate Pancakes,butter|cocoa powder|flour|vanilla|sugar|egg at|chocolate chip|salt|milk,http://allrecipes.com/recipe/183002/chocolate-pancakes/,http://images.media-allrecipes.com/userphotos/560x315/4467617.jpg
Hoisin-Ginger Beef Skewers,lime juice|crushed red pepper flake|sesame oil|flank steak|ground black pepper|chile-garlic sauce|sesame seed|green onion|honey|garlic|bamboo skewer soaked in water for  minute|ginger root|kosher salt|hoisin sauce,http://allrecipes.com/recipe/186934/hoisin-ginger-beef-skewers/,http://images.media-allrecipes.com/userphotos/560x315/701816.jpg
Parmesan and Parsley Sausage Ball Appetizer,parmesan cheese|cheddar cheese|biscuit baking|parsley|pork sausage|milk,http://allrecipes.com/recipe/213044/parmesan-and-parsley-sausage-ball-appetizer/,http://images.media-allrecipes.com/userphotos/250x250/878168.jpg
Easy Stovetop Peach Cobbler,margarine|peache|yellow cake|ground cinnamon|sugar,http://allrecipes.com/recipe/139349/easy-stovetop-peach-cobbler/,http://images.media-allrecipes.com/userphotos/250x250/650304.jpg
Super Duper Italian Nachos,pitted kalamata olive|sun-dried tomatoe|pepperoncini|monterey jack cheese|red onion|tortilla chip|alfredo sauce,http://allrecipes.com/recipe/139686/super-duper-italian-nachos/,http://images.media-allrecipes.com/userphotos/250x250/109415.jpg
Buffalo Chicken Wraps,vegetable oil|butter|flour tortilla|celery|lettuce|blue cheese dressing|chicken breast cut into bite-size piece|sauce,http://allrecipes.com/recipe/188473/buffalo-chicken-wraps/,http://images.media-allrecipes.com/userphotos/560x315/420435.jpg
Frozen Chocolate Graham 'Ice Cream' Sandwiches,whipped topping|chocolate graham cracker,http://allrecipes.com/recipe/110527/frozen-chocolate-graham-ice-cream-sandwiches/,http://images.media-allrecipes.com/userphotos/560x315/2341643.jpg
Microwave Pralines,vanilla extract|sugar|pecan|margarine|salt|cream,http://allrecipes.com/recipe/23224/microwave-pralines/,http://images.media-allrecipes.com/userphotos/560x315/48300.jpg
Pudding Fudge,butter|cream|non-instant chocolate pudding|sugar,http://allrecipes.com/recipe/20404/pudding-fudge/,http://images.media-allrecipes.com/global/recipes/nophoto/nopicture-910x511.png
Bev's Mac and Cheese,butter|elbow macaroni|cheddar cheese|salt pepper|flour|milk,http://allrecipes.com/recipe/16998/bevs-mac-and-cheese/,http://images.media-allrecipes.com/userphotos/250x250/522825.jpg
Pumpkin Oatmeal,pumpkin pie spice|quick-cooking rolled oat|milk|pumpkin puree|cinnamon sugar,http://allrecipes.com/recipe/55259/pumpkin-oatmeal/,http://images.media-allrecipes.com/userphotos/560x315/363808.jpg
Cajun-Spiced Popcorn,garlic powder|lemon pepper|butter margarine|onion powder|paprika|popped popcorn|cayenne pepper|salt,http://allrecipes.com/recipe/149548/cajun-spiced-popcorn/,http://images.media-allrecipes.com/userphotos/560x315/1184177.jpg
Southern Chess Squares,butter|cream cheese|sugar|pecan|yellow cake|egg,http://allrecipes.com/recipe/21681/southern-chess-squares/,http://images.media-allrecipes.com/userphotos/560x315/4103585.jpg
Dry Onion Soup Mix,ground black pepper|onion powder|celery seed|paprika|low-sodium beef bouillon granule|parsley flake|onion flake,http://allrecipes.com/recipe/217155/dry-onion-soup-mix/,http://images.media-allrecipes.com/userphotos/250x250/877716.jpg